# address	name	class	owner	area	phase	loop_bucket	loop_calls	w1	w2	w3	insns	ret_n	repo
0x42a7c0	FUN_0042a7c0	~?	crt/lib	lib/net/ui	startup	0	0	0	0	0	5	0	
0x44560d	FUN_0044560d	~?	crt/lib	lib/net/ui	startup	0	0	0	0	0	3	None	
0x44561a	thunk_FUN_0044560d	~?	crt/lib	lib/net/ui	startup+loop	>=20/s	66018	24258	17892	23868	1	None	
0x447885	FUN_00447885	~?	crt/lib	lib/net/ui	startup+loop	>=20/s	33009	12129	8946	11934	130	16	
0x447d7d	FUN_00447d7d	~?	crt/lib	lib/net/ui	startup+loop	>=20/s	33010	12129	8946	11935	42	20	
0x46e74b	FUN_0046e74b	~?	crt/lib	lib/net/ui	startup	0	0	0	0	0	53	0	
0x49eabd	FUN_0049eabd	~?	crt/lib	lib/net/ui	startup	0	0	0	0	0	36	16	
0x49ebef	FUN_0049ebef	~?	crt/lib	lib/net/ui	startup	0	0	0	0	0	23	None	
0x49ec35	FUN_0049ec35	~?	crt/lib	lib/net/ui	startup	0	0	0	0	0	32	0	
0x49ecac	FUN_0049ecac	~?	crt/lib	lib/net/ui	startup	0	0	0	0	0	86	4	
0x4b5fcb	FUN_004b5fcb	~?	crt/lib	lib/net/ui	startup	0	0	0	0	0	48	0	
0x4b6938	FUN_004b6938	~?	crt/lib	lib/net/ui	startup	0	0	0	0	0	12	4	
0x4bd137	FUN_004bd137	~?	crt/lib	lib/net/ui	startup+loop	>=20/s	66020	24258	17892	23870	39	8	
0x4c7fd8	FUN_004c7fd8	~?	crt/lib	lib/net/ui	startup	0	0	0	0	0	40	0	
0x4c8035	FUN_004c8035	~?	crt/lib	lib/net/ui	startup	0	0	0	0	0	16	0	
0x4c8240	nofunc_4c8240	?	crt/lib	lib/net/ui	startup	0	0	0	0	0	0	None	
0x4c8250	nofunc_4c8250	?	crt/lib	lib/net/ui	startup	0	0	0	0	0	0	None	
0x4c8260	nofunc_4c8260	?	crt/lib	lib/net/ui	startup	0	0	0	0	0	0	None	
0x4c8270	nofunc_4c8270	?	crt/lib	lib/net/ui	startup	0	0	0	0	0	0	None	
0x4c8280	nofunc_4c8280	?	crt/lib	lib/net/ui	startup	0	0	0	0	0	0	None	
0x4c8290	nofunc_4c8290	?	crt/lib	lib/net/ui	startup	0	0	0	0	0	0	None	
0x4c82a0	nofunc_4c82a0	?	crt/lib	lib/net/ui	startup	0	0	0	0	0	0	None	
0x4c82b0	nofunc_4c82b0	?	crt/lib	lib/net/ui	startup	0	0	0	0	0	0	None	
0x4c82c0	nofunc_4c82c0	?	crt/lib	lib/net/ui	startup	0	0	0	0	0	0	None	
0x4c82d0	nofunc_4c82d0	?	crt/lib	lib/net/ui	startup	0	0	0	0	0	0	None	
0x4c82e0	nofunc_4c82e0	?	crt/lib	lib/net/ui	startup	0	0	0	0	0	0	None	
0x4c82f0	nofunc_4c82f0	?	crt/lib	lib/net/ui	startup	0	0	0	0	0	0	None	
0x4c8300	nofunc_4c8300	?	crt/lib	lib/net/ui	startup	0	0	0	0	0	0	None	
0x4c8310	nofunc_4c8310	?	crt/lib	lib/net/ui	startup	0	0	0	0	0	0	None	
0x4c8320	nofunc_4c8320	?	crt/lib	lib/net/ui	startup	0	0	0	0	0	0	None	
0x4c8330	nofunc_4c8330	?	crt/lib	lib/net/ui	startup	0	0	0	0	0	0	None	
0x4c8340	nofunc_4c8340	?	crt/lib	lib/net/ui	startup	0	0	0	0	0	0	None	
0x4c8350	nofunc_4c8350	?	crt/lib	lib/net/ui	startup	0	0	0	0	0	0	None	
0x4c8360	nofunc_4c8360	?	crt/lib	lib/net/ui	startup	0	0	0	0	0	0	None	
0x4c8370	nofunc_4c8370	?	crt/lib	lib/net/ui	startup	0	0	0	0	0	0	None	
0x4c8380	nofunc_4c8380	?	crt/lib	lib/net/ui	startup	0	0	0	0	0	0	None	
0x4c8390	nofunc_4c8390	?	crt/lib	lib/net/ui	startup	0	0	0	0	0	0	None	
0x4c83a0	nofunc_4c83a0	?	crt/lib	lib/net/ui	startup	0	0	0	0	0	0	None	
0x4c83aa	nofunc_4c83aa	?	crt/lib	lib/net/ui	startup	0	0	0	0	0	0	None	
0x4c83b4	nofunc_4c83b4	?	crt/lib	lib/net/ui	startup	0	0	0	0	0	0	None	
0x4c83c0	nofunc_4c83c0	?	crt/lib	lib/net/ui	startup	0	0	0	0	0	0	None	
0x4c83ca	nofunc_4c83ca	?	crt/lib	lib/net/ui	startup	0	0	0	0	0	0	None	
0x4c83d0	nofunc_4c83d0	?	crt/lib	lib/net/ui	startup	0	0	0	0	0	0	None	
0x4c83e0	nofunc_4c83e0	?	crt/lib	lib/net/ui	startup	0	0	0	0	0	0	None	
0x4c83ea	nofunc_4c83ea	?	crt/lib	lib/net/ui	startup	0	0	0	0	0	0	None	
0x4c83f0	nofunc_4c83f0	?	crt/lib	lib/net/ui	startup	0	0	0	0	0	0	None	
0x4c8400	nofunc_4c8400	?	crt/lib	lib/net/ui	startup	0	0	0	0	0	0	None	
0x4c8410	nofunc_4c8410	?	crt/lib	lib/net/ui	startup	0	0	0	0	0	0	None	
0x4c8420	nofunc_4c8420	?	crt/lib	lib/net/ui	startup	0	0	0	0	0	0	None	
0x4c8430	nofunc_4c8430	?	crt/lib	lib/net/ui	startup	0	0	0	0	0	0	None	
0x4c8440	nofunc_4c8440	?	crt/lib	lib/net/ui	startup	0	0	0	0	0	0	None	
0x4c8450	nofunc_4c8450	?	crt/lib	lib/net/ui	startup	0	0	0	0	0	0	None	
0x4c8460	nofunc_4c8460	?	crt/lib	lib/net/ui	startup	0	0	0	0	0	0	None	
0x4c8470	nofunc_4c8470	?	crt/lib	lib/net/ui	startup	0	0	0	0	0	0	None	
0x4c8480	nofunc_4c8480	?	crt/lib	lib/net/ui	startup	0	0	0	0	0	0	None	
0x4c8490	nofunc_4c8490	?	crt/lib	lib/net/ui	startup	0	0	0	0	0	0	None	
0x4c849a	nofunc_4c849a	?	crt/lib	lib/net/ui	startup	0	0	0	0	0	0	None	
0x4c84a0	nofunc_4c84a0	?	crt/lib	lib/net/ui	startup	0	0	0	0	0	0	None	
0x4c84aa	nofunc_4c84aa	?	crt/lib	lib/net/ui	startup	0	0	0	0	0	0	None	
0x4c84b0	FUN_004c84b0	~?	crt/lib	lib/net/ui	startup	0	0	0	0	0	24	0	
0x4c8510	FUN_004c8510	~?	crt/lib	lib/net/ui	startup	0	0	0	0	0	49	0	
0x4c85d0	nofunc_4c85d0	?	crt/lib	lib/net/ui	startup	0	0	0	0	0	0	None	
0x4c85e0	nofunc_4c85e0	?	crt/lib	lib/net/ui	startup	0	0	0	0	0	0	None	
0x4c85ea	nofunc_4c85ea	?	crt/lib	lib/net/ui	startup	0	0	0	0	0	0	None	
0x4c85f0	nofunc_4c85f0	?	crt/lib	lib/net/ui	startup	0	0	0	0	0	0	None	
0x4c85fa	nofunc_4c85fa	?	crt/lib	lib/net/ui	startup	0	0	0	0	0	0	None	
0x4c8604	nofunc_4c8604	?	crt/lib	lib/net/ui	startup	0	0	0	0	0	0	None	
0x4c8610	nofunc_4c8610	?	crt/lib	lib/net/ui	startup	0	0	0	0	0	0	None	
0x4c8620	nofunc_4c8620	?	crt/lib	lib/net/ui	startup	0	0	0	0	0	0	None	
0x4c862a	nofunc_4c862a	?	crt/lib	lib/net/ui	startup	0	0	0	0	0	0	None	
0x4c8630	nofunc_4c8630	?	crt/lib	lib/net/ui	startup	0	0	0	0	0	0	None	
0x4c863a	nofunc_4c863a	?	crt/lib	lib/net/ui	startup	0	0	0	0	0	0	None	
0x4c8640	nofunc_4c8640	?	crt/lib	lib/net/ui	startup	0	0	0	0	0	0	None	
0x4c864a	nofunc_4c864a	?	crt/lib	lib/net/ui	startup	0	0	0	0	0	0	None	
0x4c8654	nofunc_4c8654	?	crt/lib	lib/net/ui	startup	0	0	0	0	0	0	None	
0x4c8660	nofunc_4c8660	?	crt/lib	lib/net/ui	startup	0	0	0	0	0	0	None	
0x4c866a	nofunc_4c866a	?	crt/lib	lib/net/ui	startup	0	0	0	0	0	0	None	
0x4c8674	nofunc_4c8674	?	crt/lib	lib/net/ui	startup	0	0	0	0	0	0	None	
0x4c8680	FUN_004c8680	~?	crt/lib	lib/net/ui	startup	0	0	0	0	0	9796	0	
0x4d1620	nofunc_4d1620	?	crt/lib	lib/net/ui	startup	0	0	0	0	0	0	None	
0x4d1627	nofunc_4d1627	?	crt/lib	lib/net/ui	startup	0	0	0	0	0	0	None	
0x4d163f	nofunc_4d163f	?	crt/lib	lib/net/ui	startup	0	0	0	0	0	0	None	
0x4d1649	nofunc_4d1649	?	crt/lib	lib/net/ui	startup	0	0	0	0	0	0	None	
0x4d1650	nofunc_4d1650	?	crt/lib	lib/net/ui	startup	0	0	0	0	0	0	None	
0x4d165a	nofunc_4d165a	?	crt/lib	lib/net/ui	startup	0	0	0	0	0	0	None	
0x4d1660	nofunc_4d1660	?	crt/lib	lib/net/ui	startup	0	0	0	0	0	0	None	
0x4d166a	nofunc_4d166a	?	crt/lib	lib/net/ui	startup	0	0	0	0	0	0	None	
0x4d1674	nofunc_4d1674	?	crt/lib	lib/net/ui	startup	0	0	0	0	0	0	None	
0x4d1680	nofunc_4d1680	?	crt/lib	lib/net/ui	startup	0	0	0	0	0	0	None	
0x4d168a	nofunc_4d168a	?	crt/lib	lib/net/ui	startup	0	0	0	0	0	0	None	
0x4d1694	nofunc_4d1694	?	crt/lib	lib/net/ui	startup	0	0	0	0	0	0	None	
0x4d16a0	nofunc_4d16a0	?	crt/lib	lib/net/ui	startup	0	0	0	0	0	0	None	
0x4d16b0	nofunc_4d16b0	?	crt/lib	lib/net/ui	startup	0	0	0	0	0	0	None	
0x4d16ba	nofunc_4d16ba	?	crt/lib	lib/net/ui	startup	0	0	0	0	0	0	None	
0x4d16c4	nofunc_4d16c4	?	crt/lib	lib/net/ui	startup	0	0	0	0	0	0	None	
0x4d16d0	nofunc_4d16d0	?	crt/lib	lib/net/ui	startup	0	0	0	0	0	0	None	
0x4d16da	nofunc_4d16da	?	crt/lib	lib/net/ui	startup	0	0	0	0	0	0	None	
0x4d16e0	nofunc_4d16e0	?	crt/lib	lib/net/ui	startup	0	0	0	0	0	0	None	
0x4d16ea	nofunc_4d16ea	?	crt/lib	lib/net/ui	startup	0	0	0	0	0	0	None	
0x4d16f0	nofunc_4d16f0	?	crt/lib	lib/net/ui	startup	0	0	0	0	0	0	None	
0x4d1700	nofunc_4d1700	?	crt/lib	lib/net/ui	startup	0	0	0	0	0	0	None	
0x4d175c	nofunc_4d175c	?	crt/lib	lib/net/ui	startup	0	0	0	0	0	0	None	
0x4d1760	nofunc_4d1760	?	crt/lib	lib/net/ui	startup	0	0	0	0	0	0	None	
0x4d1770	nofunc_4d1770	?	crt/lib	lib/net/ui	startup	0	0	0	0	0	0	None	
0x4d1794	nofunc_4d1794	?	crt/lib	lib/net/ui	startup	0	0	0	0	0	0	None	
0x4d17a0	FUN_004d17a0	~?	crt/lib	lib/net/ui	startup	0	0	0	0	0	20	0	
0x4d17f0	FUN_004d17f0	~?	crt/lib	lib/net/ui	startup	0	0	0	0	0	20	0	
0x4d1840	FUN_004d1840	~?	crt/lib	lib/net/ui	startup	0	0	0	0	0	2784	0	
0x4d4c00	FUN_004d4c00	~?	crt/lib	lib/net/ui	startup+loop	>=20/s	10922	4279	3381	3262	2	0	
0x4d4d30	FUN_004d4d30	~?	crt/lib	lib/net/ui	startup+loop	periodic<1/s	35	30	3	2	22	0	
0x4d5f60	FUN_004d5f60	~FF02	crt/lib	lib/net/ui	startup	0	0	0	0	0	2	0	
0x4e0520	FUN_004e0520	~RakNet::DirectoryDeltaTransfer	crt/lib	lib/net/ui	startup	0	0	0	0	0	46	None	
0x4e05c7	FUN_004e05c7	~RakNet::DirectoryDeltaTransfer	crt/lib	lib/net/ui	startup	0	0	0	0	0	49	8	
0x4e0680	FUN_004e0680	~RakNet::DirectoryDeltaTransfer	crt/lib	lib/net/ui	startup	0	0	0	0	0	35	4	
0x4e06f0	FUN_004e06f0	~RakNet::DirectoryDeltaTransfer	crt/lib	lib/net/ui	startup	0	0	0	0	0	118	12	
0x4e0810	FUN_004e0810	~RakNet::DirectoryDeltaTransfer	crt/lib	lib/net/ui	startup	0	0	0	0	0	114	8	
0x4eb420	`vector_constructor_iterator'	~RakNet::FileListTransfer	crt/lib	lib/net/ui	startup	0	0	0	0	0	20	16	
0x4fb4a0	FUN_004fb4a0	~RakNet::RNS2_Windows	crt/lib	lib/net/ui	startup	0	0	0	0	0	10	0	
0x4fb600	FUN_004fb600	~RakNet::RNS2_Windows	crt/lib	lib/net/ui	startup	0	0	0	0	0	7	0	
0x50cdb0	FUN_0050cdb0	~RakNet::RakPeer	crt/lib	lib/net/ui	startup	0	0	0	0	0	3	0	
0x516050	FUN_00516050	~RakNet::RakPeer	crt/lib	lib/net/ui	startup	0	0	0	0	0	7	0	
0x51de30	FUN_0051de30	~RakNet::ThreadsafePacketLogger	crt/lib	lib/net/ui	startup+loop	>=20/s	83502	26654	26801	30047	39	4	
0x51de90	FUN_0051de90	~RakNet::ThreadsafePacketLogger	crt/lib	lib/net/ui	startup+loop	periodic<1/s	156	46	58	52	55	0	
0x51e0f0	FUN_0051e0f0	~RakNet::ThreadsafePacketLogger	crt/lib	lib/net/ui	startup+loop	>=20/s	51135	16980	16213	17942	12	0	
0x51e520	FUN_0051e520	~SMulti	crt/lib	lib/net/ui	startup+loop	periodic<1/s	50	14	18	18	77	4	
0x51ee20	FUN_0051ee20	~SMulti	crt/lib	lib/net/ui	startup+loop	>=1/s	3578	1117	1287	1174	53	0	lifted
0x52bf00	FUN_0052bf00	~RGMasterServer	crt/lib	lib/net/ui	startup+loop	periodic<1/s	25	7	9	9	33	4	
0x52c2c0	FUN_0052c2c0	~RGMasterServer	crt/lib	lib/net/ui	startup+loop	>=1/s	458	309	77	72	39	4	
0x52c320	FUN_0052c320	~RGMasterServer	crt/lib	lib/net/ui	startup+loop	>=20/s	26007	25399	302	306	46	4	
0x52c410	FUN_0052c410	~RGMasterServer	crt/lib	lib/net/ui	startup+loop	>=1000/s	288253	90938	92924	104391	28	4	
0x52c4a0	FUN_0052c4a0	~RGMasterServer	crt/lib	lib/net/ui	startup+loop	sporadic	9322	9322	0	0	95	8	
0x52c580	FUN_0052c580	~RGMasterServer	crt/lib	lib/net/ui	startup+loop	>=20/s	9411	9392	10	9	87	8	
0x52da80	FUN_0052da80	~SGameSpy	crt/lib	lib/net/ui	startup+loop	>=20/s	7274	3102	2088	2084	64	0	
0x5335c0	FUN_005335c0	~SGameSpy	crt/lib	lib/net/ui	startup+loop	sporadic	35	35	0	0	87	0	
0x5336b0	FUN_005336b0	~SGStats	crt/lib	lib/net/ui	startup+loop	periodic<1/s	90	73	9	8	55	12	
0x537ad0	FUN_00537ad0	~SButton	crt/lib	lib/net/ui	startup	0	0	0	0	0	2	0	
0x537ca0	FUN_00537ca0	~SButton	crt/lib	lib/net/ui	startup	0	0	0	0	0	8	8	
0x538640	FUN_00538640	~SColorButton	crt/lib	lib/net/ui	startup	0	0	0	0	0	17	0	lifted
0x5386c0	FUN_005386c0	~SComplexButton	crt/lib	lib/net/ui	startup	0	0	0	0	0	88	8	lifted
0x538a60	FUN_00538a60	SComplexButton	crt/lib	lib/net/ui	startup	0	0	0	0	0	113	0	lifted
0x539540	FUN_00539540	~SDropList	crt/lib	lib/net/ui	startup	0	0	0	0	0	1	0	
0x5398f0	FUN_005398f0	~SDropList	crt/lib	lib/net/ui	startup	0	0	0	0	0	17	0	
0x539a10	FUN_00539a10	~SDXWidget	crt/lib	lib/net/ui	startup	0	0	0	0	0	85	0	
0x539b00	FUN_00539b00	~SDXWidget	crt/lib	lib/net/ui	startup	0	0	0	0	0	2	0	
0x539b60	FUN_00539b60	~SDXWidget	crt/lib	lib/net/ui	startup	0	0	0	0	0	19	8	
0x539ba0	FUN_00539ba0	~SDXWidget	crt/lib	lib/net/ui	startup	0	0	0	0	0	8	8	
0x539bf0	FUN_00539bf0	~SDXWidget	crt/lib	lib/net/ui	startup	0	0	0	0	0	27	16	
0x539c70	FUN_00539c70	~SDXWidget	crt/lib	lib/net/ui	startup	0	0	0	0	0	28	0	
0x539d70	FUN_00539d70	~SDXWindow	crt/lib	lib/net/ui	startup	0	0	0	0	0	117	12	
0x539f20	FUN_00539f20	~SDXWindow	crt/lib	lib/net/ui	startup	0	0	0	0	0	2	0	
0x53a0d0	FUN_0053a0d0	SDXWindow	crt/lib	lib/net/ui	startup+loop	>=20/s	33010	12129	8946	11935	45	0	
0x53a160	FUN_0053a160	~SDXWindow	crt/lib	lib/net/ui	startup+loop	>=1/s	1420	461	456	503	1	12	
0x53a180	FUN_0053a180	~SDXWindow	crt/lib	lib/net/ui	startup	0	0	0	0	0	1	4	
0x53a190	FUN_0053a190	~SDXWindow	crt/lib	lib/net/ui	startup+loop	>=1/s	1420	461	456	503	7	0	
0x53a1b0	SDXWindow::OnSize;SViewport::Resize;Viewport::Resize	SDXWindow	crt/lib	lib/net/ui	startup	0	0	0	0	0	49	8	
0x53a360	FUN_0053a360	~SDXWindow	crt/lib	lib/net/ui	startup	0	0	0	0	0	6	4	
0x53a370	FUN_0053a370	~SDXWindow	crt/lib	lib/net/ui	startup	0	0	0	0	0	6	4	
0x53a380	FUN_0053a380	~SDXWindow	crt/lib	lib/net/ui	startup	0	0	0	0	0	58	32	
0x53a440	FUN_0053a440	~SDXWindow	crt/lib	lib/net/ui	startup	0	0	0	0	0	47	16	
0x53a510	FUN_0053a510	~SDXWindow	crt/lib	lib/net/ui	startup	0	0	0	0	0	8	8	
0x53a660	FUN_0053a660	~SDXWindow	crt/lib	lib/net/ui	startup+loop	>=1/s	4270	1389	1365	1516	32	12	
0x53a6c0	FUN_0053a6c0	~SDXWindow	crt/lib	lib/net/ui	startup	0	0	0	0	0	25	0	
0x53b140	FUN_0053b140	~SEditBox	crt/lib	lib/net/ui	startup	0	0	0	0	0	28	0	
0x53b3a0	FUN_0053b3a0	~SEditBoxWithText	crt/lib	lib/net/ui	startup	0	0	0	0	0	43	0	
0x53e0d0	FUN_0053e0d0	~SListBoxWithThreeFields	crt/lib	lib/net/ui	startup	0	0	0	0	0	45	0	
0x540630	FUN_00540630	~SSaveLoadListBox	engine/shell	ui	startup	0	0	0	0	0	21	0	lifted
0x541860	FUN_00541860	~SSliderH	engine/shell	ui	startup	0	0	0	0	0	39	0	
0x541910	FUN_00541910	~SSliderH	engine/shell	ui	startup	0	0	0	0	0	17	0	
0x543040	FUN_00543040	~STextButton	engine/shell	ui	startup	0	0	0	0	0	25	0	
0x543340	FUN_00543340	~SWidget	engine/shell	ui	startup+loop	>=20/s	33010	12129	8946	11935	25	8	
0x543390	SWidget::GetEventTarget	SWidget	engine/shell	ui	startup+loop	>=1/s	1420	461	456	503	163	16	
0x5435b0	FUN_005435b0	~SWidget	engine/shell	ui	startup	0	0	0	0	0	16	0	
0x543630	SWidget::InsertChild	SWidget	engine/shell	ui	startup	0	0	0	0	0	16	4	
0x543890	FUN_00543890	~SWidget	engine/shell	ui	startup	0	0	0	0	0	69	8	
0x543970	FUN_00543970	~SWidget	engine/shell	ui	startup	0	0	0	0	0	8	8	
0x5439f0	FUN_005439f0	~SWidget	engine/shell	ui	startup	0	0	0	0	0	31	0	
0x543a70	FUN_00543a70	~SWidget	engine/shell	ui	startup+loop	>=1/s	1420	461	456	503	49	0	
0x543af0	FUN_00543af0	SWidget	engine/shell	ui	startup	0	0	0	0	0	11	16	
0x544040	FUN_00544040	~SWidget	engine/shell	ui	startup	0	0	0	0	0	176	0	lifted
0x544520	FUN_00544520	~SWidget	engine/shell	ui	startup	0	0	0	0	0	26	0	
0x5445e0	FUN_005445e0	~SWidget	engine/shell	ui	startup	0	0	0	0	0	2	0	
0x544650	FUN_00544650	~SWindow	engine/shell	ui	startup	0	0	0	0	0	66	0	
0x5447e0	FUN_005447e0	~SWindow	engine/shell	ui	startup	0	0	0	0	0	199	24	
0x544a50	SWindow::EventFrame	SWindow	engine/shell	ui	startup+loop	>=20/s	33010	12129	8946	11935	76	0	
0x544db0	FUN_00544db0	~SWindow	engine/shell	ui	startup	0	0	0	0	0	69	0	lifted
0x545020	FUN_00545020	SWindow	engine/shell	ui	startup	0	0	0	0	0	68	16	
0x545110	FUN_00545110	~SWindow	engine/shell	ui	startup	0	0	0	0	0	24	0	
0x545150	FUN_00545150	~SWindow	engine/shell	ui	startup+loop	>=1/s	4270	1389	1365	1516	59	16	
0x545200	FUN_00545200	SWindow	engine/shell	ui	startup+loop	>=1/s	4270	1389	1365	1516	547	12	
0x545940	FUN_00545940	~SWindow	engine/shell	ui	startup	0	0	0	0	0	292	8	
0x5463d0	FUN_005463d0	~SWindow	U	world/game	startup+loop	>=1/s	3732	809	1371	1552	22	4	
0x546490	FUN_00546490	~SBuildingUnit	U	world/game	startup+loop	>=1000/s	986388	349319	277013	360056	18	4	
0x546500	FUN_00546500	SBuildingUnit	U	world/game	startup+loop	>=1/s	280	90	90	100	163	0	
0x546830	FUN_00546830	~SBuildingUnit	U	world/game	startup+loop	periodic<1/s	24	7	9	8	40	0	
0x5468a0	FUN_005468a0	SBuildingUnit	U	world/game	startup+loop	>=20/s	5599	1799	1801	1999	10	0	
0x5468e0	FUN_005468e0	~SBuildingUnit	U	world/game	startup+loop	>=20/s	5599	1799	1801	1999	134	4	
0x546ad0	FUN_00546ad0	SBuildingUnit	U	world/game	startup	0	0	0	0	0	2	20	
0x546af0	FUN_00546af0	~SBuildingUnit	U	world/game	startup+loop	periodic<1/s	28	11	9	8	37	4	
0x546b60	FUN_00546b60	~SBuildingUnit	U	world/game	startup	0	0	0	0	0	37	4	
0x546ca0	FUN_00546ca0	~SBuildingUnit	U	world/game	startup+loop	periodic<1/s	24	7	9	8	39	4	
0x546d20	FUN_00546d20	SBuildingUnit	U	world/game	startup+loop	>=20/s	33010	12129	8946	11935	147	4	
0x546f70	FUN_00546f70	~SBuildingUnit	U	world/game	startup	0	0	0	0	0	153	0	
0x548230	FUN_00548230	~SBuildingUnit	U	world/game	startup+loop	>=1/s	1755	540	558	657	2	0	
0x548240	FUN_00548240	SBuildingUnit	U	world/game	startup+loop	>=1/s	280	90	90	100	38	4	
0x548560	FUN_00548560	~SBuildingUnit	U	world/game	startup	0	0	0	0	0	69	8	
0x548660	FUN_00548660	~SBuildingUnit	U	world/game	startup	0	0	0	0	0	328	0	
0x548f20	FUN_00548f20	SBuildingUnit	U	world/game	startup	0	0	0	0	0	223	4	
0x5497a0	FUN_005497a0	~SBuildingUnit	U	world/game	startup	0	0	0	0	0	217	0	
0x549ab0	FUN_00549ab0	~SBuildingUnit	U	world/game	startup+loop	>=1000/s	479374	170949	132998	175427	26	8	
0x549b10	FUN_00549b10	SBuildingUnit	U	world/game	startup	0	0	0	0	0	1	4	
0x549b20	FUN_00549b20	SBuildingUnit	U	world/game	startup	0	0	0	0	0	28	20	
0x54a250	FUN_0054a250	SBuildingUnit	U	world/game	startup+loop	>=1/s	280	90	90	100	81	0	
0x54b910	FUN_0054b910	SBuildingUnit	U	world/game	startup+loop	>=20/s	5599	1799	1801	1999	819	0	
0x54cd40	FUN_0054cd40	~SBuildingUnit	U	world/game	startup+loop	periodic<1/s	30	9	11	10	1	4	
0x54f4b0	FUN_0054f4b0	~SBuildingUnit	U	world/game	startup+loop	periodic<1/s	150	44	56	50	67	8	
0x54f6f0	FUN_0054f6f0	~SBuildingUnit	U	world/game	startup+loop	>=20/s	91972	31668	29121	31183	23	0	
0x54f760	FUN_0054f760	~SBuildingUnit	U	world/game	startup	0	0	0	0	0	25	0	
0x54f7f0	FUN_0054f7f0	~SBuildingUnit	U	world/game	startup	0	0	0	0	0	25	0	
0x54f880	FUN_0054f880	~SBuildingUnit	U	world/game	startup	0	0	0	0	0	25	0	
0x54f970	FUN_0054f970	~SBuildingUnit	U	world/game	startup+loop	periodic<1/s	96	28	36	32	57	8	
0x54fc60	FUN_0054fc60	~SBuildingUnit	U	world/game	startup+loop	>=1/s	345	81	124	140	53	0	
0x54fd70	FUN_0054fd70	~SBuildingUnit	U	world/game	loop-only	periodic<1/s	156	50	50	56	29	0	
0x54fdc0	FUN_0054fdc0	~SBuildingUnit	U	world/game	loop-only	periodic<1/s	156	50	50	56	72	0	
0x54ff30	FUN_0054ff30	~SBuildingUnit	U	world/game	loop-only	periodic<1/s	21	6	6	9	27	4	
0x54ff70	FUN_0054ff70	~SBuildingUnit	U	world/game	startup+loop	>=1/s	940	221	344	375	23	4	
0x54ffc0	FUN_0054ffc0	~SBuildingUnit	U	world/game	startup+loop	>=1/s	510	126	183	201	24	4	
0x550010	FUN_00550010	~SBuildingUnit	U	world/game	startup+loop	periodic<1/s	38	13	12	13	22	4	
0x550050	FUN_00550050	~SBuildingUnit	U	world/game	startup+loop	>=1/s	3207	754	1174	1279	26	4	
0x5500a0	FUN_005500a0	~SBuildingUnit	U	world/game	startup+loop	>=1000/s	591860	198883	186148	206829	27	4	
0x5502d0	FUN_005502d0	SPanzersSquadDriver	P	world/game	loop-only	periodic<1/s	25	8	8	9	15	4	
0x550300	FUN_00550300	SPanzersSquadMemberDriver	P	world/game	loop-only	periodic<1/s	100	32	32	36	15	4	
0x5503f0	FUN_005503f0	STurnInAngleDriver	P	world/game	loop-only	periodic<1/s	16	5	5	6	15	4	
0x550420	FUN_00550420	STurnInPlaceDriver	P	world/game	loop-only	periodic<1/s	15	5	5	5	15	4	
0x550490	FUN_00550490	~SDriver*	P	world/game	startup+loop	sporadic	6	6	0	0	46	0	
0x550500	FUN_00550500	~SDriver*	P	world/game	startup+loop	periodic<1/s	38	13	12	13	40	0	
0x550570	FUN_00550570	~SDriver*	P	world/game	startup+loop	>=1/s	351	87	126	138	59	0	
0x550600	FUN_00550600	~SDriver*	P	world/game	loop-only	>=20/s	12728	4688	3938	4102	20	0	
0x550730	FUN_00550730	~SDriver*	P	world/game	loop-only	sporadic	1	1	0	0	16	0	
0x5507d0	FUN_005507d0	~SDriver*	P	world/game	startup+loop	>=20/s	28617	9547	9054	10016	106	0	
0x550a30	FUN_00550a30	~SDriver*	P	world/game	startup+loop	periodic<1/s	232	76	76	80	37	4	
0x550aa0	FUN_00550aa0	~SDriver*	P	world/game	startup+loop	periodic<1/s	174	42	63	69	59	4	
0x550b40	FUN_00550b40	~SDriver*	P	world/game	startup+loop	periodic<1/s	62	18	22	22	119	8	
0x550d20	SDriver::CopyGlobalPathFromBossDriver	SDriver	P	world/game	loop-only	periodic<1/s	28	8	8	12	113	0	
0x550ec0	FUN_00550ec0	~SDriver*	P	world/game	startup+loop	periodic<1/s	174	42	63	69	116	4	
0x5511a0	FUN_005511a0	SPPanzersSquadDriver	P	world/game	startup+loop	periodic<1/s	24	7	9	8	31	4	
0x5511f0	FUN_005511f0	SPPanzersSquadMemberDriver	P	world/game	startup+loop	periodic<1/s	96	28	36	32	24	4	
0x5513a0	FUN_005513a0	SPTurnInAngleDriver	P	world/game	startup+loop	periodic<1/s	16	4	6	6	33	4	
0x551400	FUN_00551400	SPTurnInPlaceDriver	P	world/game	startup+loop	periodic<1/s	15	5	5	5	33	4	
0x5514b0	FUN_005514b0	~SDriver*	P	world/game	startup+loop	periodic<1/s	36	11	13	12	210	4	
0x551780	FUN_00551780	~SDriver*	P	world/game	loop-only	sporadic	3	3	0	0	86	8	
0x551bc0	FUN_00551bc0	~SDriver*	P	world/game	loop-only	periodic<1/s	32	8	8	16	15	0	
0x551c00	FUN_00551c00	~SDriver*	P	world/game	startup+loop	periodic<1/s	181	44	65	72	53	0	
0x551cb0	SDriver::FindGlobalPath	SDriver	P	world/game	startup+loop	periodic<1/s	74	24	25	25	148	4	
0x552050	FUN_00552050	~SDriver*	P	world/game	startup+loop	periodic<1/s	174	42	63	69	263	4	
0x553100	SDriver::GetLocalPathGoalPoint	SDriver	P	world/game	startup+loop	periodic<1/s	174	42	63	69	58	8	
0x5531d0	FUN_005531d0	~SDriver*	P	world/game	startup+loop	>=1000/s	732287	233015	235392	263880	2	0	
0x553260	FUN_00553260	~SDriver*	P	world/game	startup+loop	>=20/s	37806	11751	12043	14012	39	0	
0x5532e0	FUN_005532e0	SPanzersSquadDriver	P	world/game	loop-only	>=20/s	39459	15916	11480	12063	36	0	
0x553360	FUN_00553360	SPanzersSquadMemberDriver	P	world/game	startup+loop	>=20/s	27840	10143	8847	8850	36	0	
0x5533d0	FUN_005533d0	~SDriver*	P	world/game	startup+loop	>=20/s	37831	13401	12125	12305	26	0	
0x553420	FUN_00553420	SPanzersSquadDriver	P	world/game	loop-only	>=20/s	15275	5713	4636	4926	54	0	
0x5534d0	SDriver::GetWayPoint	SDriver	P	world/game	startup+loop	>=20/s	114266	39010	35792	39464	88	8	
0x553620	FUN_00553620	~SDriver*	P	world/game	startup+loop	>=20/s	28617	9547	9054	10016	70	0	
0x553700	SDriver::Ghost_FirstStep	SDriver	P	world/game	startup+loop	periodic<1/s	181	44	65	72	187	0	
0x553960	FUN_00553960	~SDriver*	P	world/game	startup+loop	>=20/s	28610	9545	9052	10013	179	0	
0x553c00	SDriver::Ghost_NextStep	SDriver	P	world/game	startup+loop	>=20/s	31979	10818	10034	11127	740	0	
0x554770	FUN_00554770	~SDriver*	P	world/game	startup+loop	periodic<1/s	116	36	37	43	17	0	
0x554870	FUN_00554870	~SDriver*	P	world/game	startup+loop	>=20/s	31866	10802	9988	11076	457	16	
0x554fc0	SDriver::HasTheUnitArrivedAtTheWayPoint	SDriver	P	world/game	startup+loop	>=20/s	32596	10977	10253	11366	303	8	
0x555450	FUN_00555450	~SDriver*	P	world/game	startup+loop	>=20/s	28413	9477	8989	9947	370	0	
0x555a00	FUN_00555a00	~SDriver*	P	world/game	startup+loop	>=20/s	7878	2820	2488	2570	16	4	
0x555a50	FUN_00555a50	~SDriver*	P	world/game	startup+loop	periodic<1/s	150	44	56	50	113	0	
0x555d30	SPFlyingDriver::Init	SPFlyingDriver	P	world/game	startup	0	0	0	0	0	121	12	
0x555ee0	SPPanzersParachuteDriver::Init	SPPanzersParachuteDriver	P	world/game	startup	0	0	0	0	0	73	12	
0x555fc0	SPPanzersSquadDriver::Init	SPPanzersSquadDriver	P	world/game	startup	0	0	0	0	0	74	12	
0x5560a0	SPPanzersSquadMemberDriver::Init	SPPanzersSquadMemberDriver	P	world/game	startup	0	0	0	0	0	73	12	
0x556180	SPProjectileDriver::Init	SPProjectileDriver	P	world/game	startup	0	0	0	0	0	96	12	
0x556560	SPTrainDriver::Init	SPTrainDriver	P	world/game	startup	0	0	0	0	0	87	12	
0x556680	SPTurnInAngleDriver::Init	SPTurnInAngleDriver	P	world/game	startup	0	0	0	0	0	109	12	
0x556800	SPTurnInPlaceDriver::Init	SPTurnInPlaceDriver	P	world/game	startup	0	0	0	0	0	106	12	
0x556ac0	SDriver::InitLocalWayPointsArray	SDriver	P	world/game	startup+loop	periodic<1/s	174	42	63	69	453	8	
0x557260	SDriver::IsSpinStopNecessary	SDriver	P	world/game	startup+loop	>=1/s	1525	477	487	561	132	4	
0x557400	SDriver::IsTheGhostInStoppingDistance	SDriver	P	world/game	startup+loop	>=20/s	32274	10866	10163	11245	88	4	
0x557520	FUN_00557520	~SDriver*	P	world/game	startup+loop	sporadic	3	3	0	0	422	4	
0x557a80	FUN_00557a80	~SDriver*	P	world/game	startup+loop	>=20/s	27838	10141	8847	8850	46	8	
0x557b30	FUN_00557b30	~SDriver*	P	world/game	startup+loop	>=20/s	32039	10783	10079	11177	50	12	
0x557bf0	FUN_00557bf0	~SDriver*	P	world/game	startup+loop	periodic<1/s	94	29	31	34	70	4	
0x557da0	FUN_00557da0	SPanzersSquadMemberDriver	P	world/game	startup+loop	>=20/s	27840	10143	8847	8850	43	4	
0x5582a0	SDriver::MoveTowardNextWayPoint	SDriver	P	world/game	startup+loop	>=20/s	32596	10977	10253	11366	284	4	
0x5588e0	FUN_005588e0	SPanzersSquadDriver	P	world/game	loop-only	>=20/s	15275	5713	4636	4926	110	4	
0x558a60	SPanzersSquadMemberDriver::MoveTowardNextWayPoint	SPanzersSquadMemberDriver	P	world/game	startup+loop	>=20/s	27840	10143	8847	8850	480	4	
0x559330	FUN_00559330	STurnInAngleDriver	P	world/game	startup+loop	>=20/s	6996	1890	2234	2872	4	None	
0x559340	FUN_00559340	STurnInPlaceDriver	P	world/game	startup+loop	>=20/s	10325	3374	3383	3568	4	None	
0x559360	FUN_00559360	~SDriver*	P	world/game	loop-only	>=20/s	19656	4500	7661	7495	85	12	
0x5594a0	FUN_005594a0	~SDriver*	P	world/game	startup+loop	>=1/s	541	119	203	219	214	4	
0x559ab0	FUN_00559ab0	~SDriver*	P	world/game	startup+loop	>=20/s	71275	22611	22873	25791	607	0	
0x55a640	FUN_0055a640	SPanzersSquadMemberDriver	P	world/game	startup+loop	>=20/s	72787	23387	23413	25987	68	0	
0x55aa80	FUN_0055aa80	~SDriver*	P	world/game	startup+loop	periodic<1/s	95	30	31	34	271	4	
0x55af20	FUN_0055af20	~SDriver*	P	world/game	startup+loop	>=1/s	904	217	328	359	125	12	
0x55b0b0	SDriver::SetNextWP	SDriver	P	world/game	startup+loop	>=1/s	464	103	172	189	84	12	
0x55b1d0	FUN_0055b1d0	~SDriver*	P	world/game	startup+loop	periodic<1/s	174	42	63	69	71	0	
0x55b2d0	FUN_0055b2d0	~SDriver*	P	world/game	startup+loop	>=20/s	32477	10932	10218	11327	84	4	
0x55b3e0	SDriver::SetUnitSpinSpeed	SDriver	P	world/game	startup+loop	>=20/s	16883	5115	5478	6290	132	4	
0x55b5f0	FUN_0055b5f0	~SDriver*	P	world/game	startup+loop	>=20/s	16883	5115	5478	6290	191	8	
0x55b8d0	FUN_0055b8d0	~SDriver*	P	world/game	startup+loop	>=1/s	2156	659	723	774	14	8	
0x55b900	FUN_0055b900	~SDriver*	P	world/game	startup+loop	>=20/s	29384	9869	9239	10276	54	12	
0x55b9c0	FUN_0055b9c0	~SDriver*	P	world/game	startup+loop	>=20/s	43115	15781	13558	13776	115	8	
0x55bb80	FUN_0055bb80	~SDriver*	P	world/game	startup+loop	periodic<1/s	165	34	63	68	73	0	
0x55bc50	FUN_0055bc50	~SDriver*	P	world/game	startup+loop	periodic<1/s	165	34	63	68	121	0	
0x55bf50	FUN_0055bf50	~SDriver*	P	world/game	startup+loop	>=1/s	446	72	189	185	43	4	
0x55c0e0	FUN_0055c0e0	~SDriver*	P	world/game	startup+loop	>=20/s	88287	26476	28638	33173	41	0	
0x55c160	FUN_0055c160	~SDriver*	P	world/game	startup+loop	>=20/s	88287	26476	28638	33173	41	0	
0x55c1e0	FUN_0055c1e0	~SDriver*	P	world/game	loop-only	>=20/s	6364	2344	1969	2051	20	0	
0x55c230	FUN_0055c230	~SDriver*	P	world/game	startup+loop	>=20/s	8184	5650	1179	1355	112	12	
0x55c900	FUN_0055c900	~SFlyingUnit	U	world/game	startup+loop	>=20/s	71275	22611	22873	25791	66	4	
0x55cc00	FUN_0055cc00	~SFlyingUnit	U	world/game	startup+loop	>=20/s	146320	46435	47163	52722	22	4	
0x55cc40	FUN_0055cc40	~SFlyingUnit	U	world/game	startup+loop	>=20/s	94839	34289	27156	33394	22	4	
0x55cc80	FUN_0055cc80	~SFlyingUnit	U	world/game	startup+loop	>=1/s	699	279	204	216	22	4	
0x55e440	SGameLogic::SGameLogic	SGameLogic	L	world/game	startup	0	0	0	0	0	1159	12	stub
0x55f9f0	nofunc_55f9f0	?	-	world/game	startup+loop	sporadic	15	15	0	0	0	None	
0x560120	FUN_00560120	~SGameLogic	L	world/game	startup+loop	periodic<1/s	54	16	20	18	24	0	
0x560290	FUN_00560290	~SGameLogic	L	world/game	startup+loop	periodic<1/s	25	7	9	9	161	4	
0x5604d0	FUN_005604d0	~SGameLogic	L	world/game	startup+loop	periodic<1/s	94	23	35	36	44	4	
0x560540	FUN_00560540	~SGameLogic	L	world/game	startup+loop	>=1/s	467	150	150	167	22	4	
0x5605d0	FUN_005605d0	~SGameLogic	L	world/game	startup+loop	periodic<1/s	6	2	2	2	22	4	
0x560610	FUN_00560610	~SGameLogic	L	world/game	startup+loop	>=1/s	724	159	279	286	22	4	
0x560740	FUN_00560740	~SGameLogic	L	world/game	startup+loop	periodic<1/s	50	14	18	18	23	4	
0x560790	FUN_00560790	~SGameLogic	L	world/game	startup+loop	>=1/s	462	97	179	186	24	4	
0x5607e0	FUN_005607e0	~SGameLogic	L	world/game	startup+loop	periodic<1/s	94	23	35	36	22	4	
0x560870	FUN_00560870	~SGameLogic	L	world/game	startup+loop	>=1/s	1425	436	463	526	26	4	
0x5608c0	FUN_005608c0	~SGameLogic	L	world/game	startup+loop	>=1/s	2066	629	684	753	27	4	
0x560910	FUN_00560910	~SGameLogic	L	world/game	startup+loop	>=20/s	9567	2961	3009	3597	27	4	
0x560960	FUN_00560960	~SGameLogic	L	world/game	startup+loop	periodic<1/s	6	2	2	2	27	4	
0x5609b0	FUN_005609b0	~SGameLogic	L	world/game	startup+loop	>=1/s	2250	722	724	804	27	4	
0x560a00	FUN_00560a00	~SGameLogic	L	world/game	startup+loop	sporadic	42	42	0	0	40	0	
0x560b50	FUN_00560b50	~SGameLogic	L	world/game	startup+loop	periodic<1/s	52	16	16	20	42	0	
0x560bc0	FUN_00560bc0	~SGameLogic	L	world/game	startup+loop	periodic<1/s	94	23	35	36	40	0	
0x560d10	FUN_00560d10	~SGameLogic	L	world/game	startup+loop	periodic<1/s	25	7	9	9	42	0	
0x560d80	FUN_00560d80	~SGameLogic	L	world/game	startup+loop	periodic<1/s	117	31	41	45	46	0	
0x560df0	FUN_00560df0	~SGameLogic	L	world/game	startup+loop	periodic<1/s	13	4	4	5	68	0	
0x5610a0	FUN_005610a0	~SGameLogic	L	world/game	startup+loop	>=20/s	5600	1800	1801	1999	33	0	
0x5625a0	FUN_005625a0	~SGameLogic	L	world/game	startup	0	0	0	0	0	73	4	lifted
0x562650	FUN_00562650	~SGameLogic	L	world/game	startup+loop	>=1000/s	281388	53412	108240	119736	70	8	
0x562760	SGameLogic::CanSeeGroundUnit	SGameLogic	L	world/game	startup+loop	>=20/s	19049	5912	5992	7145	249	8	
0x563330	FUN_00563330	~SGameLogic	L	world/game	startup	0	0	0	0	0	37	4	
0x563580	FUN_00563580	~SGameLogic	L	world/game	startup+loop	periodic<1/s	172	42	64	66	39	4	
0x563600	FUN_00563600	~SGameLogic	L	world/game	startup+loop	sporadic	2	2	0	0	59	4	
0x5636a0	FUN_005636a0	~SGameLogic	L	world/game	startup	0	0	0	0	0	59	0	
0x5637f0	FUN_005637f0	~SGameLogic	L	world/game	startup	0	0	0	0	0	38	0	
0x5638f0	FUN_005638f0	~SGameLogic	L	world/game	startup+loop	>=20/s	33010	12129	8946	11935	493	12	stub
0x5640b0	SGameLogic::CollectActiveLocations	SGameLogic	L	world/game	startup	0	0	0	0	0	152	0	
0x5649c0	FUN_005649c0	~SGameLogic	L	world/game	startup+loop	periodic<1/s	36	12	12	12	10	0	
0x564c20	FUN_00564c20	~SGameLogic	L	world/game	startup	0	0	0	0	0	270	0	
0x564fb0	FUN_00564fb0	~SGameLogic	L	world/game	startup	0	0	0	0	0	145	0	
0x5651f0	FUN_005651f0	~SGameLogic	L	world/game	startup+loop	periodic<1/s	131	117	7	7	85	8	
0x565530	FUN_00565530	~SGameLogic	L	world/game	startup+loop	>=20/s	5958	1890	1908	2160	687	8	
0x565e10	FUN_00565e10	~SGameLogic	L	world/game	startup+loop	>=1/s	2333	750	750	833	303	4	
0x5662b0	FUN_005662b0	~SGameLogic	L	world/game	startup+loop	>=20/s	95328	30240	30528	34560	133	28	
0x567180	FUN_00567180	~SGameLogic	L	world/game	startup+loop	>=20/s	33624	10800	10800	12024	73	24	
0x568af0	FUN_00568af0	~SGameLogic	L	world/game	startup+loop	>=20/s	5599	1799	1801	1999	66	0	
0x56aa10	FUN_0056aa10	~SGameLogic	L	world/game	startup+loop	>=20/s	5600	1800	1801	1999	123	0	
0x56abe0	FUN_0056abe0	~SGameLogic	L	world/game	startup+loop	periodic<1/s	31	9	11	11	52	8	
0x56acf0	FUN_0056acf0	~SGameLogic	L	world/game	startup+loop	periodic<1/s	73	19	24	30	63	4	
0x56adc0	FUN_0056adc0	~SGameLogic	L	world/game	startup+loop	>=20/s	9472	2935	2979	3558	63	4	
0x56af10	SGameLogic::GetMovementGroupConvoy	SGameLogic	L	world/game	startup+loop	periodic<1/s	171	54	54	63	33	4	
0x56b010	SGameLogic::GetMovementGroupMoveSpeed	SGameLogic	L	world/game	startup+loop	>=20/s	101303	36527	31145	33631	35	4	
0x56b090	SGameLogic::GetMovementGroupSquadsGlobalState	SGameLogic	L	world/game	loop-only	periodic<1/s	28	8	8	12	34	4	
0x56b240	SGameLogic::GetMovementGroupUnitFormationPos	SGameLogic	L	world/game	loop-only	periodic<1/s	49	14	14	21	105	8	
0x56d1a0	FUN_0056d1a0	~SGameLogic	L	world/game	startup+loop	>=1000/s	495535	156946	159867	178722	2	0	
0x56d7d0	FUN_0056d7d0	~SGameLogic	L	world/game	startup	0	0	0	0	0	57	0	
0x56da00	FUN_0056da00	~SGameLogic	L	world/game	startup	0	0	0	0	0	451	0	
0x56e150	FUN_0056e150	~SGameLogic	L	world/game	startup+loop	>=1000/s	2285032	824008	621683	839341	8	0	
0x56e2c0	FUN_0056e2c0	~SGameLogic	L	world/game	startup	0	0	0	0	0	63	4	
0x56e440	FUN_0056e440	~SGameLogic	L	world/game	startup	0	0	0	0	0	66	4	
0x56e7d0	FUN_0056e7d0	~SGameLogic	L	world/game	startup+loop	sporadic	56	56	0	0	46	4	lifted
0x56ff30	FUN_0056ff30	~SGameLogic	L	world/game	startup+loop	periodic<1/s	19	5	7	7	474	24	
0x570cc0	FUN_00570cc0	~SGameLogic	L	world/game	startup+loop	>=1/s	280	90	90	100	112	0	
0x571280	FUN_00571280	~SGameLogic	L	world/game	loop-only	periodic<1/s	66	16	24	26	77	8	
0x571380	FUN_00571380	~SGameLogic	L	world/game	startup+loop	periodic<1/s	25	7	9	9	73	8	
0x571470	FUN_00571470	~SGameLogic	L	world/game	loop-only	periodic<1/s	26	4	12	10	77	8	
0x571840	FUN_00571840	~SGameLogic	L	world/game	startup+loop	>=20/s	5600	1800	1801	1999	87	0	
0x5735a0	FUN_005735a0	~SGameLogic	L	world/game	startup	0	0	0	0	0	78	0	
0x573730	FUN_00573730	~SGameLogic	L	world/game	startup+loop	periodic<1/s	31	9	11	11	18	4	
0x573760	FUN_00573760	~SGameLogic	L	world/game	startup+loop	>=1/s	2250	722	724	804	18	4	
0x573790	FUN_00573790	~SGameLogic	L	world/game	loop-only	periodic<1/s	203	34	82	87	16	4	
0x5737c0	FUN_005737c0	~SGameLogic	L	world/game	startup+loop	>=20/s	5599	1799	1801	1999	99	None	
0x5739b8	SGameLogic::ProcessPacket	SGameLogic	L	world/game	startup+loop	>=20/s	5599	1799	1801	1999	1897	8	
0x576a70	FUN_00576a70	~SGameLogic	L	world/game	startup	0	0	0	0	0	197	0	
0x576d80	SGameLogic::Refresh	SGameLogic	L	world/game	startup+loop	>=20/s	5599	1799	1801	1999	1700	0	lifted
0x578a70	FUN_00578a70	~SGameLogic	L	world/game	startup+loop	>=20/s	5599	1799	1801	1999	51	0	
0x578b00	FUN_00578b00	~SGameLogic	L	world/game	startup+loop	>=20/s	5599	1799	1801	1999	286	0	
0x5790f0	FUN_005790f0	~SGameLogic	L	world/game	loop-only	periodic<1/s	36	9	12	15	44	4	
0x579170	FUN_00579170	~SGameLogic	L	world/game	startup+loop	periodic<1/s	94	23	35	36	59	4	
0x579300	FUN_00579300	~SGameLogic	L	world/game	loop-only	periodic<1/s	12	3	4	5	45	4	
0x579390	FUN_00579390	~SGameLogic	L	world/game	startup+loop	>=20/s	5599	1799	1801	1999	44	0	
0x579510	FUN_00579510	~SGameLogic	L	world/game	startup+loop	>=1/s	293	93	97	103	343	4	
0x579ab0	SGameLogic::RunTriggers	SGameLogic	L	world/game	startup+loop	>=20/s	5599	1799	1801	1999	3757	0	
0x57dfe0	FUN_0057dfe0	~SGameLogic	L	world/game	startup+loop	>=20/s	5599	1799	1801	1999	84	0	
0x57e600	FUN_0057e600	~SGameLogic	L	world/game	startup+loop	periodic<1/s	6	2	2	2	66	8	
0x57e6f0	SGameLogic::SendConvoyMovementGroupFollowers	SGameLogic	L	world/game	startup+loop	periodic<1/s	18	6	6	6	116	4	
0x57efd0	FUN_0057efd0	~SGameLogic	L	world/game	startup+loop	periodic<1/s	13	3	5	5	137	24	
0x57faf0	SGameLogic::SetMovementGroupBiggestUnit	SGameLogic	L	world/game	startup+loop	periodic<1/s	37	10	12	15	119	4	
0x57fcb0	SGameLogic::SetMovementGroupBossUnit	SGameLogic	L	world/game	startup+loop	periodic<1/s	37	10	12	15	173	16	
0x57ff40	SGameLogic::SetMovementGroupFormationDir	SGameLogic	L	world/game	startup+loop	periodic<1/s	13	4	4	5	35	8	
0x57ffc0	SGameLogic::SetMovementGroupFormationDir	SGameLogic	L	world/game	startup+loop	periodic<1/s	13	4	4	5	34	8	
0x5800d0	SGameLogic::RefreshMovementGroup	SGameLogic	L	world/game	startup+loop	periodic<1/s	13	4	4	5	111	8	
0x5802f0	FUN_005802f0	~SGameLogic	L	world/game	startup	0	0	0	0	0	14	4	stub
0x580600	FUN_00580600	~SGameLogic	L	world/game	startup+loop	>=1/s	3006	940	980	1086	1070	4	
0x5817f0	FUN_005817f0	~SGameLogic	L	world/game	startup+loop	>=1/s	657	198	225	234	127	12	
0x581ae0	FUN_00581ae0	~SGameLogic	L	world/game	startup+loop	>=1/s	657	198	225	234	99	8	
0x581c50	FUN_00581c50	~SGameLogic	L	world/game	startup+loop	periodic<1/s	264	57	99	108	273	12	
0x582080	SGameLogic::UpdateActiveLocations	SGameLogic	L	world/game	startup+loop	>=1/s	3578	1136	1147	1295	141	8	
0x5822a0	FUN_005822a0	~SGameLogic	L	world/game	startup+loop	>=20/s	5599	1799	1801	1999	67	0	
0x5824b0	SGameLogic::UpdateMovementGroupSlowestMoveSpeed	SGameLogic	L	world/game	startup+loop	periodic<1/s	37	10	12	15	136	4	
0x582770	FUN_00582770	~SGameLogic	L	world/game	startup+loop	periodic<1/s	94	28	32	34	206	4	
0x582ad0	FUN_00582ad0	~SGunner	U	world/game	startup+loop	>=1/s	447	132	166	149	40	16	
0x582ba0	FUN_00582ba0	~SGunner	U	world/game	startup	0	0	0	0	0	54	0	
0x582d20	FUN_00582d20	~SGunner	U	world/game	startup+loop	sporadic	2	2	0	0	34	0	
0x582e80	FUN_00582e80	SGunner	U	world/game	loop-only	>=1/s	464	149	149	166	34	4	
0x583070	FUN_00583070	SGunner	U	world/game	startup+loop	>=20/s	15857	5083	5103	5671	264	4	
0x583570	FUN_00583570	SGunner	U	world/game	startup+loop	>=20/s	15857	5083	5103	5671	259	4	
0x583df0	FUN_00583df0	SPGunner	U	world/game	startup+loop	>=1/s	447	132	166	149	26	12	
0x583e30	FUN_00583e30	~SGunner	U	world/game	startup+loop	periodic<1/s	39	13	13	13	46	0	
0x584210	FUN_00584210	SGunner	U	world/game	startup+loop	>=20/s	16948	5445	5447	6056	2	0	
0x584240	FUN_00584240	~SGunner	U	world/game	startup+loop	>=20/s	90817	32970	25148	32699	44	0	
0x5842e0	FUN_005842e0	SPGunner	U	world/game	startup	0	0	0	0	0	344	4	
0x584a30	FUN_00584a30	SPGunner	U	world/game	startup+loop	sporadic	4	4	0	0	200	4	
0x584d00	SGunner::ServerRefresh	SGunner	U	world/game	startup+loop	>=1000/s	380714	122329	122482	135903	2353	0	
0x587bd0	FUN_00587bd0	SGunner	U	world/game	startup+loop	>=1/s	966	246	350	370	12	0	
0x587e00	nofunc_587e00	?	-	world/game	startup	0	0	0	0	0	0	None	
0x587e20	FUN_00587e20	~SInGameAnimLogic	P	world/game	startup	0	0	0	0	0	91	0	
0x587fb0	FUN_00587fb0	~SInGameAnimLogic	P	world/game	startup	0	0	0	0	0	11	0	
0x587fe0	FUN_00587fe0	~SInGameAnimLogic	P	world/game	startup	0	0	0	0	0	11	0	
0x588c20	FUN_00588c20	~SInGameAnimLogic	P	world/game	startup	0	0	0	0	0	34	4	
0x588c90	FUN_00588c90	~SInGameAnimLogic	P	world/game	startup	0	0	0	0	0	37	4	
0x588d00	FUN_00588d00	~SInGameAnimLogic	P	world/game	startup	0	0	0	0	0	37	4	
0x58c3f0	FUN_0058c3f0	~SInGameAnimLogic	P	world/game	startup	0	0	0	0	0	118	0	
0x58cbb0	FUN_0058cbb0	~SInGameAnimLogic	P	world/game	startup+loop	>=1/s	595	154	211	230	42	0	
0x58cc20	FUN_0058cc20	~SInGameAnimLogic	P	world/game	startup+loop	>=1/s	1271	339	447	485	46	0	
0x58cc90	FUN_0058cc90	~SInGameAnimLogic	P	world/game	startup+loop	>=1/s	351	87	126	138	148	0	
0x58ce90	FUN_0058ce90	~SInGameAnimLogic	P	world/game	startup+loop	periodic<1/s	86	24	30	32	252	32	
0x58d2f0	FUN_0058d2f0	~SInGameAnimLogic	P	world/game	startup+loop	>=1/s	351	87	126	138	75	4	
0x58d3d0	FUN_0058d3d0	~SInGameAnimLogic	P	world/game	startup+loop	>=1/s	418	111	147	160	11	0	
0x58d3f0	FUN_0058d3f0	~SInGameAnimLogic	P	world/game	startup+loop	periodic<1/s	36	12	12	12	77	0	
0x58d4e0	SWayPointWithManoeuvres::CreateManoeuvres	SWayPointWithManoeuvres	P	world/game	startup+loop	>=1/s	351	87	126	138	352	16	
0x58dba0	FUN_0058dba0	~SWayPointWithManoeuvres	P	world/game	startup+loop	>=1/s	351	87	126	138	53	0	
0x58dc30	FUN_0058dc30	~SWayPointWithManoeuvres	P	world/game	startup+loop	>=1/s	368	97	130	141	84	4	
0x58dd20	FUN_0058dd20	~SWayPointWithManoeuvres	P	world/game	loop-only	periodic<1/s	91	17	35	39	168	0	
0x58df80	FUN_0058df80	~SWayPointWithManoeuvres	P	world/game	startup+loop	periodic<1/s	12	4	4	4	69	4	
0x58e050	FUN_0058e050	~SWayPointWithManoeuvres	P	world/game	startup+loop	>=1/s	351	87	126	138	48	8	
0x58e350	SWayPointWithManoeuvres::SortManoeuvres	SWayPointWithManoeuvres	P	world/game	startup+loop	>=1/s	351	87	126	138	129	4	
0x58ec70	FUN_0058ec70	~SWayPointWithManoeuvres	P	world/game	startup+loop	periodic<1/s	68	18	24	26	311	0	
0x58f100	FUN_0058f100	~SWayPointWithManoeuvres	P	world/game	startup+loop	periodic<1/s	50	12	18	20	82	0	
0x58f200	FUN_0058f200	~SWayPointWithManoeuvres	P	world/game	startup+loop	periodic<1/s	25	6	9	10	201	0	
0x58f4c0	FUN_0058f4c0	~SWayPointWithManoeuvres	P	world/game	startup+loop	periodic<1/s	25	6	9	10	200	0	
0x58f780	FUN_0058f780	~SWayPointWithManoeuvres	P	world/game	startup+loop	periodic<1/s	43	12	15	16	157	0	
0x58f9b0	FUN_0058f9b0	~SWayPointWithManoeuvres	P	world/game	startup+loop	periodic<1/s	43	12	15	16	224	0	
0x590430	FUN_00590430	~SWayPointWithManoeuvres	P	world/game	startup+loop	periodic<1/s	47	13	16	18	168	0	
0x590690	FUN_00590690	~SWayPointWithManoeuvres	P	world/game	startup+loop	periodic<1/s	177	45	63	69	107	0	
0x590800	FUN_00590800	~SWayPointWithManoeuvres	P	world/game	startup+loop	periodic<1/s	40	13	13	14	411	4	
0x5910e0	FUN_005910e0	~SCampaign	L	world/game	startup+loop	sporadic	35	35	0	0	44	4	
0x591150	FUN_00591150	~SCampaign	L	world/game	startup	0	0	0	0	0	43	0	
0x594cd0	FUN_00594cd0	~SCampaign	L	world/game	startup+loop	>=1/s	657	198	225	234	9	0	
0x597390	FUN_00597390	~SCampaign	L	world/game	startup+loop	periodic<1/s	131	117	7	7	87	4	lifted
0x5977e0	FUN_005977e0	~SPanzersSquad*Unit	U	world/game	startup+loop	periodic<1/s	96	28	36	32	73	8	
0x597940	FUN_00597940	SPanzersSquadMemberUnit	U	world/game	loop-only	periodic<1/s	100	32	32	36	41	4	
0x597a10	FUN_00597a10	SPanzersSquadMemberUnit	U	world/game	startup+loop	>=1000/s	827810	298833	227014	301963	285	4	
0x5980b0	FUN_005980b0	SPanzersSquadMemberUnit	U	world/game	loop-only	sporadic	16	16	0	0	97	4	
0x598570	FUN_00598570	SPanzersSquadMemberUnit	U	world/game	startup+loop	>=20/s	27840	10143	8847	8850	81	20	
0x5986e0	FUN_005986e0	SPanzersSquadMemberUnit	U	world/game	startup+loop	periodic<1/s	208	52	76	80	41	0	
0x598770	FUN_00598770	SPanzersSquadMemberUnit	U	world/game	startup	0	0	0	0	0	17	None	
0x598940	FUN_00598940	SPanzersSquadMemberUnit	U	world/game	startup+loop	periodic<1/s	96	28	36	32	22	20	
0x5989b0	FUN_005989b0	SPanzersSquadMemberUnit	U	world/game	startup+loop	periodic<1/s	208	44	84	80	1	4	
0x5989d0	FUN_005989d0	SPanzersSquadMemberUnit	U	world/game	startup+loop	>=1/s	3740	1198	1207	1335	24	0	
0x598ab0	FUN_00598ab0	SPanzersSquadMemberUnit	U	world/game	startup+loop	>=20/s	72787	23387	23413	25987	134	0	
0x598ff0	FUN_00598ff0	~SPanzersSquad*Unit	U	world/game	startup+loop	periodic<1/s	24	7	9	8	43	8	
0x599110	FUN_00599110	~SPanzersSquad*Unit	U	world/game	loop-only	periodic<1/s	25	8	8	9	24	None	
0x599190	FUN_00599190	~SPanzersSquad*Unit	U	world/game	loop-only	>=20/s	64772	23826	20096	20850	23	4	
0x599230	FUN_00599230	SPanzersSquadUnit	U	world/game	loop-only	periodic<1/s	25	8	8	9	15	4	
0x599430	FUN_00599430	SPanzersSquadUnit	U	world/game	loop-only	sporadic	24	0	12	12	7	0	
0x599450	FUN_00599450	~SPanzersSquad*Unit	U	world/game	startup+loop	periodic<1/s	32	15	9	8	59	4	
0x599550	FUN_00599550	SPanzersSquadUnit	U	world/game	startup+loop	>=20/s	15390	5675	4736	4979	13	20	
0x599580	FUN_00599580	SPanzersSquadUnit	U	world/game	loop-only	>=20/s	13822	5063	4376	4383	15	28	
0x5995b0	FUN_005995b0	~SPanzersSquad*Unit	U	world/game	startup+loop	periodic<1/s	24	7	9	8	37	4	
0x599620	FUN_00599620	SPanzersSquadUnit	U	world/game	startup+loop	>=1000/s	396760	144450	108193	144117	402	4	
0x599c70	FUN_00599c70	SPanzersSquadUnit	U	world/game	loop-only	periodic<1/s	25	8	8	9	38	None	
0x59a910	FUN_0059a910	SPanzersSquadUnit	U	world/game	startup+loop	periodic<1/s	28	11	9	8	23	4	
0x59af20	FUN_0059af20	SPanzersSquadUnit	U	world/game	loop-only	periodic<1/s	28	8	8	12	32	20	
0x59b120	FUN_0059b120	SPanzersSquadUnit	U	world/game	loop-only	periodic<1/s	56	12	20	24	51	0	
0x59b4a0	FUN_0059b4a0	SPanzersSquadUnit	U	world/game	startup+loop	>=1000/s	396760	144450	108193	144117	110	4	
0x59b990	FUN_0059b990	~SPanzersSquad*Unit	U	world/game	loop-only	>=20/s	39459	15916	11480	12063	70	0	
0x59bb80	FUN_0059bb80	SPanzersSquadUnit	U	world/game	startup+loop	>=20/s	8406	2700	2700	3006	43	0	
0x59bc10	SPanzersSquadUnit::GetMaxMoveSpeed	SPanzersSquadUnit	U	world/game	loop-only	periodic<1/s	58	13	18	27	70	4	
0x59bd10	FUN_0059bd10	SPanzersSquadUnit	U	world/game	startup+loop	>=1/s	5065	1627	1629	1809	65	4	
0x59be20	FUN_0059be20	SPanzersSquadUnit	U	world/game	startup+loop	>=1/s	2520	810	810	900	65	4	
0x59bff0	SPanzersSquadUnit::GetSquadMemberRelativePosition	SPanzersSquadUnit	U	world/game	startup+loop	>=20/s	30752	11320	9503	9929	58	8	
0x59c1e0	FUN_0059c1e0	SPanzersSquadUnit	U	world/game	startup+loop	periodic<1/s	24	7	9	8	55	0	
0x59c470	SPanzersSquadUnit::Init;SPanzersSquadUnit::SetRelativePositions	SPanzersSquadUnit	U	world/game	startup+loop	periodic<1/s	24	7	9	8	405	4	
0x59d130	FUN_0059d130	~SPanzersSquad*Unit	U	world/game	startup+loop	periodic<1/s	52	12	17	23	114	0	
0x59d2f0	FUN_0059d2f0	~SPanzersSquad*Unit	U	world/game	loop-only	periodic<1/s	28	8	8	12	85	0	
0x59d460	FUN_0059d460	SPanzersSquadUnit	U	world/game	startup+loop	>=20/s	83634	30464	26572	26598	19	4	
0x59d4b0	FUN_0059d4b0	SPanzersSquadUnit	U	world/game	startup+loop	>=1/s	1042	202	408	432	13	20	
0x59d670	FUN_0059d670	SPanzersSquadUnit	U	world/game	startup+loop	>=1/s	390	94	130	166	54	0	
0x59db00	FUN_0059db00	SPanzersSquadUnit	U	world/game	startup+loop	>=1/s	2545	817	819	909	182	0	
0x59dda0	FUN_0059dda0	SPanzersSquadUnit	U	world/game	startup+loop	>=1/s	2545	817	819	909	178	0	
0x59e0d0	FUN_0059e0d0	SPanzersSquadUnit	U	world/game	startup+loop	>=20/s	50391	16191	16209	17991	794	0	
0x59ede0	FUN_0059ede0	SPanzersSquadUnit	U	world/game	startup+loop	>=20/s	50391	16191	16209	17991	75	4	
0x59f580	SPanzersSquadUnit::SetCurrentTarget;SPanzersSquadUnit::SetRelativePositions	SPanzersSquadUnit	U	world/game	loop-only	periodic<1/s	28	8	8	12	319	8	
0x59fab0	FUN_0059fab0	SPanzersSquadUnit	U	world/game	startup+loop	periodic<1/s	24	7	9	8	99	4	
0x59fda0	SPanzersSquadUnit::SetMembersRadius	SPanzersSquadUnit	U	world/game	startup+loop	periodic<1/s	24	7	9	8	19	0	
0x59fe30	FUN_0059fe30	SPanzersSquadUnit	U	world/game	loop-only	periodic<1/s	28	4	12	12	130	16	
0x5a0060	FUN_005a0060	~SPanzersSquad*Unit	U	world/game	loop-only	>=20/s	9007	2862	3013	3132	234	4	
0x5a0450	FUN_005a0450	~SPanzersSquad*Unit	U	world/game	loop-only	>=20/s	9007	2862	3013	3132	163	4	
0x5a0740	SPanzersSquadUnit::SetRelativeNormalPositions	SPanzersSquadUnit	U	world/game	startup+loop	periodic<1/s	24	7	9	8	165	0	
0x5a0ac0	SPanzersSquadUnit::SetSquadMemberRelativePosition	SPanzersSquadUnit	U	world/game	loop-only	periodic<1/s	50	8	21	21	149	4	
0x5a0d30	FUN_005a0d30	~SPanzersSquad*Unit	U	world/game	startup+loop	periodic<1/s	61	23	17	21	54	0	
0x5a0f30	SPanzersSquadUnit::SetUnitSize	SPanzersSquadUnit	U	world/game	startup+loop	periodic<1/s	24	7	9	8	25	0	
0x5a0fc0	FUN_005a0fc0	~SPanzersSquad*Unit	U	world/game	loop-only	periodic<1/s	28	8	8	12	102	0	
0x5a1460	FUN_005a1460	~SAStar/SHeapList	P	world/game	startup	0	0	0	0	0	69	8	
0x5a1590	CDocObjectServerItem	~SAStar/SHeapList	P	world/game	startup	0	0	0	0	0	15	8	
0x5a16f0	FUN_005a16f0	~SAStar/SHeapList	P	world/game	startup+loop	>=20/s	19609	6543	6479	6587	27	4	
0x5a1740	FUN_005a1740	~SAStar/SHeapList	P	world/game	startup+loop	>=20/s	19513	6137	6820	6556	11	0	
0x5a1770	FUN_005a1770	~SAStar/SHeapList	P	world/game	startup+loop	>=1/s	5082	1615	1768	1699	66	0	
0x5a1820	FUN_005a1820	~SAStar/SHeapList	P	world/game	startup+loop	>=20/s	15732	4989	5478	5265	76	4	
0x5a1910	FUN_005a1910	~SAStar/SHeapList	P	world/game	startup+loop	>=20/s	15771	5003	5491	5277	51	0	
0x5a19a0	FUN_005a19a0	~SAStar/SHeapList	P	world/game	startup+loop	periodic<1/s	42	17	13	12	27	0	
0x5a1a80	FUN_005a1a80	~SAStar/SHeapList	P	world/game	startup+loop	>=1/s	5082	1615	1768	1699	39	0	
0x5a1d30	FUN_005a1d30	~SAStar/SHeapList	P	world/game	startup+loop	>=1/s	5043	1601	1755	1687	192	4	
0x5a1fd0	FUN_005a1fd0	SAStar	P	world/game	startup+loop	>=20/s	40293	12732	14053	13508	21	16	
0x5a2020	SAStar::MakePathPointsList	SAStar	P	world/game	startup+loop	periodic<1/s	39	14	13	12	209	0	
0x5a3270	FUN_005a3270	~SAStar/SHeapList	P	world/game	startup+loop	periodic<1/s	39	14	13	12	381	36	
0x5a4900	FUN_005a4900	~SProjectileUnit/SP*Unit/SRunningGear	A	world/game	startup	0	0	0	0	0	23	0	
0x5a4980	FUN_005a4980	~SProjectileUnit/SP*Unit/SRunningGear	A	world/game	startup	0	0	0	0	0	14	0	
0x5a49b0	FUN_005a49b0	~SProjectileUnit/SP*Unit/SRunningGear	A	world/game	startup	0	0	0	0	0	15	0	
0x5a49e0	FUN_005a49e0	~SProjectileUnit/SP*Unit/SRunningGear	A	world/game	startup	0	0	0	0	0	16	0	
0x5a4a20	FUN_005a4a20	~SProjectileUnit/SP*Unit/SRunningGear	A	world/game	startup	0	0	0	0	0	29	0	
0x5a4ae0	FUN_005a4ae0	~SProjectileUnit/SP*Unit/SRunningGear	A	world/game	startup	0	0	0	0	0	17	0	
0x5a4b30	FUN_005a4b30	~SProjectileUnit/SP*Unit/SRunningGear	A	world/game	startup	0	0	0	0	0	17	0	
0x5a4b80	FUN_005a4b80	~SProjectileUnit/SP*Unit/SRunningGear	A	world/game	startup	0	0	0	0	0	85	0	
0x5a4db0	FUN_005a4db0	~SProjectileUnit/SP*Unit/SRunningGear	A	world/game	startup	0	0	0	0	0	14	0	
0x5a53c0	FUN_005a53c0	~SProjectileUnit/SP*Unit/SRunningGear	A	world/game	startup	0	0	0	0	0	22	4	
0x5a5a70	FUN_005a5a70	SPBuildingUnit	U	world/game	startup	0	0	0	0	0	40	4	
0x5a5b70	FUN_005a5b70	SPPanzersSquadMemberUnit	U	world/game	startup+loop	periodic<1/s	96	28	36	32	40	4	
0x5a5bf0	FUN_005a5bf0	SPPanzersSquadUnit	U	world/game	startup+loop	periodic<1/s	24	7	9	8	40	4	
0x5a5cf0	FUN_005a5cf0	SPSingleUnit	U	world/game	startup+loop	periodic<1/s	33	10	12	11	40	4	
0x5a6050	SPBuildingUnit::Init	SPBuildingUnit	U	world/game	startup	0	0	0	0	0	66	4	
0x5a6160	SPFlyingUnit::Init	SPFlyingUnit	U	world/game	startup	0	0	0	0	0	31	4	
0x5a61d0	SPPanzersSquadUnit::Init	SPPanzersSquadUnit	U	world/game	startup	0	0	0	0	0	48	4	
0x5a6280	SPProjectileUnit::Init	SPProjectileUnit	U	world/game	startup	0	0	0	0	0	20	4	
0x5a62d0	SPSingleUnit::Init	SPSingleUnit	U	world/game	startup	0	0	0	0	0	172	4	
0x5a6580	SPTrainUnit::Init	SPTrainUnit	U	world/game	startup	0	0	0	0	0	55	4	
0x5a6650	FUN_005a6650	~SProjectileUnit/SP*Unit/SRunningGear	A	world/game	startup	0	0	0	0	0	411	4	
0x5a6c30	Waster::Init	SPWasterUnit	U	world/game	startup	0	0	0	0	0	45	4	
0x5a6ce0	FUN_005a6ce0	~SProjectileUnit/SP*Unit/SRunningGear	A	world/game	startup	0	0	0	0	0	152	4	
0x5a6f10	SPUnit::InitDrivers	SPUnit	U	world/game	startup	0	0	0	0	0	321	4	
0x5a7390	FUN_005a7390	~SProjectileUnit/SP*Unit/SRunningGear	A	world/game	startup	0	0	0	0	0	113	4	
0x5a7500	FUN_005a7500	SPBuildingUnit	U	world/game	startup	0	0	0	0	0	639	4	
0x5a7da0	FUN_005a7da0	SPPanzersSquadMemberUnit	U	world/game	startup	0	0	0	0	0	66	4	
0x5a7e70	FUN_005a7e70	SPProjectileUnit	U	world/game	startup+loop	sporadic	1	1	0	0	689	4	
0x5a8780	SPUnit::LoadResources	SPUnit	U	world/game	startup+loop	sporadic	3	3	0	0	1209	4	
0x5a9c70	FUN_005a9c70	~SProjectileUnit/SP*Unit/SRunningGear	A	world/game	startup	0	0	0	0	0	16	0	
0x5a9cc0	SRunningGear::Init	SRunningGear	A	world/game	startup+loop	periodic<1/s	30	9	11	10	114	4	
0x5a9f90	FUN_005a9f90	SRunningGear	A	world/game	loop-only	periodic<1/s	31	10	10	11	50	4	
0x5aa030	FUN_005aa030	~SProjectileUnit/SP*Unit/SRunningGear	A	world/game	startup	0	0	0	0	0	113	4	
0x5aa180	FUN_005aa180	~SProjectileUnit/SP*Unit/SRunningGear	A	world/game	startup+loop	periodic<1/s	30	9	11	10	103	4	
0x5aa2c0	FUN_005aa2c0	~SProjectileUnit/SP*Unit/SRunningGear	A	world/game	startup+loop	>=20/s	20915	6429	6675	7811	303	24	
0x5aa7b0	FUN_005aa7b0	~SSingleUnit/STrainUnit	U	world/game	startup+loop	periodic<1/s	33	10	12	11	47	8	
0x5aa900	FUN_005aa900	~SSingleUnit/STrainUnit	U	world/game	startup+loop	>=1000/s	1619132	532711	511674	574747	79	0	
0x5aaa00	FUN_005aaa00	SSingleUnit	U	world/game	loop-only	periodic<1/s	34	11	11	12	16	4	
0x5aaaa0	FUN_005aaaa0	~SSingleUnit/STrainUnit	U	world/game	startup+loop	>=20/s	129899	45302	34976	49621	1216	4	
0x5abde0	FUN_005abde0	SSingleUnit	U	world/game	loop-only	periodic<1/s	34	11	11	12	92	None	
0x5ac4b0	FUN_005ac4b0	~SSingleUnit/STrainUnit	U	world/game	startup+loop	periodic<1/s	6	1	3	2	107	20	
0x5acbd0	FUN_005acbd0	~SSingleUnit/STrainUnit	U	world/game	startup+loop	>=1/s	2891	922	930	1039	93	4	
0x5acd30	FUN_005acd30	~SSingleUnit/STrainUnit	U	world/game	startup+loop	>=1/s	1978	638	635	705	84	4	
0x5ad150	SSingleUnit::Init	SSingleUnit	U	world/game	startup+loop	periodic<1/s	30	9	11	10	635	4	
0x5ad9f0	SSingleUnit::Init	SSingleUnit	U	world/game	startup+loop	periodic<1/s	3	1	1	1	693	20	
0x5ae950	FUN_005ae950	SSingleUnit	U	world/game	startup+loop	>=20/s	29546	8942	9348	11256	9	4	
0x5aef40	FUN_005aef40	~SSingleUnit/STrainUnit	U	world/game	startup+loop	>=1/s	1092	336	349	407	235	0	
0x5af890	SSingleUnit::RefreshMisc	SSingleUnit	U	world/game	startup+loop	>=20/s	20884	6420	6664	7800	624	0	
0x5b02e0	FUN_005b02e0	~SSingleUnit/STrainUnit	U	world/game	startup+loop	>=20/s	29304	8657	9512	11135	85	8	
0x5b0950	FUN_005b0950	~SSingleUnit/STrainUnit	U	world/game	startup+loop	periodic<1/s	31	9	11	11	21	12	
0x5b1d50	STriggerAction::GetPropertyMask	STriggerAction	L	world/game	startup	0	0	0	0	0	52	0	
0x5b1f30	STriggerCondition::GetPropertyMask	STriggerCondition	L	world/game	startup	0	0	0	0	0	24	0	
0x5b2010	FUN_005b2010	~STrigger*	L	world/game	startup	0	0	0	0	0	196	4	
0x5b22b0	FUN_005b22b0	~STrigger*	L	world/game	startup	0	0	0	0	0	101	4	
0x5b2400	STriggerEvent::GetPropertyMask	STriggerEvent	L	world/game	startup	0	0	0	0	0	30	4	
0x5b27c0	FUN_005b27c0	~STrigger*	L	world/game	startup+loop	>=20/s	27916	10166	8872	8878	19	4	
0x5b2820	FUN_005b2820	~SUnit/STarget	U	world/game	startup+loop	periodic<1/s	153	45	57	51	435	8	
0x5b32f0	FUN_005b32f0	~SUnit/STarget	U	world/game	loop-only	periodic<1/s	159	51	51	57	50	0	
0x5b33f0	FUN_005b33f0	~SUnit/STarget	U	world/game	loop-only	periodic<1/s	159	51	51	57	139	0	
0x5b36a0	FUN_005b36a0	~SUnit/STarget	U	world/game	loop-only	sporadic	16	16	0	0	28	4	
0x5b37d0	FUN_005b37d0	~SUnit/STarget	U	world/game	startup+loop	>=1/s	3637	1153	1168	1316	999	0	
0x5b4720	FUN_005b4720	~SUnit/STarget	U	world/game	startup+loop	>=1/s	4498	1448	1445	1605	391	20	
0x5b5930	FUN_005b5930	~SUnit/STarget	U	world/game	startup+loop	>=20/s	72321	22866	23293	26162	40	0	
0x5b5a30	FUN_005b5a30	~SUnit/STarget	U	world/game	startup+loop	>=20/s	27980	10186	8892	8902	2	0	
0x5b5a40	FUN_005b5a40	~SUnit/STarget	U	world/game	startup+loop	>=20/s	31602	10695	9912	10995	37	0	
0x5b5ad0	FUN_005b5ad0	~SUnit/STarget	U	world/game	startup+loop	>=20/s	238565	75368	76805	86392	31	0	
0x5b5b50	FUN_005b5b50	~SUnit/STarget	U	world/game	loop-only	periodic<1/s	6	1	2	3	23	0	
0x5b5ba0	FUN_005b5ba0	~SUnit/STarget	U	world/game	startup+loop	periodic<1/s	29	11	9	9	29	0	
0x5b7040	FUN_005b7040	~SUnit/STarget	U	world/game	startup+loop	periodic<1/s	24	7	9	8	253	4	
0x5b7390	FUN_005b7390	~SUnit/STarget	U	world/game	startup+loop	>=1/s	420	130	154	136	86	8	
0x5b7500	FUN_005b7500	~SUnit/STarget	U	world/game	startup+loop	>=20/s	16980	5164	5497	6319	11	20	
0x5b7520	FUN_005b7520	~SUnit/STarget	U	world/game	startup+loop	>=20/s	38987	11963	12377	14647	13	28	
0x5b7550	FUN_005b7550	~SUnit/STarget	U	world/game	startup+loop	>=20/s	7834	2486	2516	2832	37	4	
0x5b75c0	FUN_005b75c0	~SUnit/STarget	U	world/game	startup+loop	periodic<1/s	76	23	25	28	41	4	
0x5b7640	FUN_005b7640	~SUnit/STarget	U	world/game	startup+loop	>=1/s	641	119	259	263	29	0	
0x5b76a0	FUN_005b76a0	~SUnit/STarget	U	world/game	startup+loop	>=20/s	28413	9477	8989	9947	3	0	
0x5b78a0	FUN_005b78a0	~SUnit/STarget	U	world/game	startup+loop	>=1/s	3917	1243	1258	1416	222	8	
0x5b7c50	STarget::ConsumePath	STarget	P	world/game	startup+loop	periodic<1/s	6	2	2	2	81	0	
0x5b7d70	SUnit::InitModel	SUnit	U	world/game	startup+loop	periodic<1/s	153	45	57	51	67	0	
0x5b7e40	FUN_005b7e40	~SUnit/STarget	U	world/game	loop-only	periodic<1/s	159	51	51	57	287	0	
0x5b8960	FUN_005b8960	~SUnit/STarget	U	world/game	startup+loop	periodic<1/s	49	31	9	9	91	4	
0x5b8ba0	SUnit::EC_Follow	SUnit	U	world/game	startup+loop	periodic<1/s	36	12	12	12	70	8	
0x5b8e20	FUN_005b8e20	~SUnit/STarget	U	world/game	startup+loop	periodic<1/s	6	2	2	2	48	12	
0x5b8ea0	FUN_005b8ea0	~SUnit/STarget	U	world/game	startup+loop	periodic<1/s	34	9	11	14	70	20	
0x5b90b0	FUN_005b90b0	~SUnit/STarget	U	world/game	startup+loop	periodic<1/s	96	28	36	32	29	None	
0x5b9110	FUN_005b9110	~SUnit/STarget	U	world/game	startup+loop	periodic<1/s	122	33	43	46	31	0	
0x5b91b0	FUN_005b91b0	~SUnit/STarget	U	world/game	startup+loop	periodic<1/s	96	28	36	32	124	0	
0x5b95a0	FUN_005b95a0	~SUnit/STarget	U	world/game	startup+loop	periodic<1/s	76	23	25	28	290	28	
0x5b9a20	FUN_005b9a20	~SUnit/STarget	U	world/game	startup+loop	>=1/s	348	84	126	138	117	16	
0x5b9bf0	FUN_005b9bf0	~SUnit/STarget	U	world/game	startup+loop	>=20/s	151919	48234	48964	54721	46	4	
0x5b9c70	FUN_005b9c70	~SUnit/STarget	U	world/game	startup+loop	>=20/s	37860	11769	12061	14030	36	4	
0x5b9d70	FUN_005b9d70	~SUnit/STarget	U	world/game	loop-only	periodic<1/s	84	19	26	39	10	0	
0x5b9e60	FUN_005b9e60	~SUnit/STarget	U	world/game	startup+loop	>=20/s	8406	2700	2700	3006	27	0	
0x5b9ed0	FUN_005b9ed0	~SUnit/STarget	U	world/game	startup+loop	>=20/s	37860	11769	12061	14030	38	4	
0x5ba240	FUN_005ba240	~SUnit/STarget	U	world/game	startup+loop	>=20/s	5971	1893	1913	2165	19	0	
0x5ba430	FUN_005ba430	~SUnit/STarget	U	world/game	startup+loop	>=20/s	31602	10695	9912	10995	105	4	
0x5ba5a0	FUN_005ba5a0	~SUnit/STarget	U	world/game	startup+loop	>=1/s	641	119	259	263	29	0	
0x5ba610	FUN_005ba610	~SUnit/STarget	U	world/game	startup+loop	>=20/s	28492	9489	9021	9982	29	0	
0x5ba6f0	FUN_005ba6f0	~SUnit/STarget	U	world/game	startup+loop	periodic<1/s	174	42	63	69	42	4	
0x5ba790	FUN_005ba790	~SUnit/STarget	U	world/game	startup+loop	>=1/s	343	131	111	101	58	0	
0x5ba820	FUN_005ba820	~SUnit/STarget	U	world/game	startup+loop	>=20/s	73851	23523	23776	26552	13	4	
0x5ba850	FUN_005ba850	~SUnit/STarget	U	world/game	startup+loop	periodic<1/s	96	28	36	32	2	0	
0x5ba8e0	SUnit::SetActiveDriver	SUnit	U	world/game	startup+loop	periodic<1/s	54	16	20	18	258	4	
0x5bace0	SUnit::SetActiveDriver	SUnit	U	world/game	startup+loop	periodic<1/s	99	29	37	33	134	20	
0x5bb400	FUN_005bb400	~SUnit/STarget	U	world/game	startup+loop	>=1/s	4197	1333	1348	1516	18	0	
0x5bb440	FUN_005bb440	~SUnit/STarget	U	world/game	startup+loop	>=20/s	13249	5802	3637	3810	15	0	
0x5bb470	FUN_005bb470	~SUnit/STarget	U	world/game	startup+loop	>=20/s	10402	3318	3339	3745	13	0	
0x5bb500	FUN_005bb500	~SUnit/STarget	U	world/game	startup+loop	>=1/s	2440	510	922	1008	80	0	
0x5bb5c0	FUN_005bb5c0	~SUnit/STarget	U	world/game	startup+loop	>=20/s	22692	7071	7160	8461	32	0	
0x5bb630	FUN_005bb630	~SUnit/STarget	U	world/game	loop-only	periodic<1/s	38	9	12	17	35	0	
0x5bb6b0	FUN_005bb6b0	~SUnit/STarget	U	world/game	startup+loop	>=20/s	46059	14676	14886	16497	84	8	
0x5bb8a0	FUN_005bb8a0	~SUnit/STarget	U	world/game	startup+loop	periodic<1/s	36	12	12	12	67	16	
0x5bb980	FUN_005bb980	~SUnit/STarget	U	world/game	startup+loop	periodic<1/s	34	9	11	14	69	16	
0x5bbb60	FUN_005bbb60	~SUnit/STarget	U	world/game	startup+loop	periodic<1/s	6	2	2	2	67	16	
0x5bc5c0	FUN_005bc5c0	~SUnit/STarget	U	world/game	startup+loop	>=20/s	23449	4451	9020	9978	50	0	
0x5bc660	FUN_005bc660	~SUnit/STarget	U	world/game	startup+loop	>=20/s	29543	8941	9347	11255	19	4	
0x5bc6d0	FUN_005bc6d0	~SUnit/STarget	U	world/game	startup+loop	>=1/s	594	136	222	236	13	20	
0x5bc700	FUN_005bc700	~SUnit/STarget	U	world/game	startup+loop	>=1/s	496	128	158	210	88	4	
0x5bd210	STarget::Refresh	STarget	P	world/game	startup+loop	>=20/s	85046	29238	26940	28868	256	4	
0x5bd610	FUN_005bd610	~SUnit/STarget	U	world/game	startup+loop	periodic<1/s	179	52	54	73	221	4	
0x5bd910	FUN_005bd910	~SUnit/STarget	U	world/game	startup+loop	>=20/s	149661	47797	48087	53777	236	0	
0x5bdcd0	FUN_005bdcd0	~SUnit/STarget	U	world/game	startup+loop	>=20/s	149661	47797	48087	53777	165	0	
0x5bdef0	FUN_005bdef0	~SUnit/STarget	U	world/game	startup+loop	>=20/s	27953	10172	8890	8891	7	0	
0x5be0b0	FUN_005be0b0	~SUnit/STarget	U	world/game	startup+loop	>=20/s	28492	9489	9021	9982	44	0	
0x5bee90	SUnit::ServerRefresh	SUnit	U	world/game	startup+loop	>=20/s	149661	47797	48087	53777	291	4	
0x5bf280	SUnit::ServerRefreshAmmo	SUnit	U	world/game	startup+loop	>=20/s	26483	8219	8465	9799	461	4	
0x5bfa50	SUnit::ServerRefreshMedic	SUnit	U	world/game	startup+loop	>=20/s	50334	16098	16113	18123	445	4	
0x5c01e0	SUnit::ServerRefreshRepair;SUnit::SetActiveDriver	SUnit	U	world/game	startup+loop	>=20/s	26483	8219	8465	9799	545	4	
0x5c0c10	FUN_005c0c10	~SUnit/STarget	U	world/game	startup+loop	periodic<1/s	72	21	27	24	42	4	
0x5c0cb0	SUnit::SetActiveDriver	SUnit	U	world/game	startup+loop	periodic<1/s	21	6	8	7	27	4	
0x5c0d10	FUN_005c0d10	~SUnit/STarget	U	world/game	startup+loop	periodic<1/s	66	21	23	22	175	8	
0x5c10f0	FUN_005c10f0	~SUnit/STarget	U	world/game	startup+loop	>=20/s	56285	19644	17839	18802	23	0	
0x5c1170	FUN_005c1170	~SUnit/STarget	U	world/game	startup+loop	periodic<1/s	153	45	57	51	41	0	
0x5c1220	FUN_005c1220	~SUnit/STarget	U	world/game	startup+loop	>=20/s	28413	9477	8989	9947	137	0	
0x5c1460	FUN_005c1460	~SUnit/STarget	U	world/game	startup+loop	>=20/s	28413	9477	8989	9947	102	0	
0x5c1600	FUN_005c1600	~SUnit/STarget	U	world/game	startup+loop	periodic<1/s	3	1	1	1	6	4	
0x5c18e0	FUN_005c18e0	~SUnit/STarget	U	world/game	startup+loop	>=20/s	27840	10143	8847	8850	30	8	
0x5c1980	FUN_005c1980	~SUnit/STarget	U	world/game	loop-only	periodic<1/s	84	12	36	36	190	16	
0x5c2040	FUN_005c2040	~SUnit/STarget	U	world/game	startup+loop	>=20/s	28413	9477	8989	9947	99	0	
0x5c2a70	FUN_005c2a70	~SUnit/STarget	U	world/game	startup+loop	periodic<1/s	153	45	57	51	124	0	
0x5c2c30	FUN_005c2c30	~SUnit/STarget	U	world/game	startup+loop	periodic<1/s	153	45	57	51	73	0	
0x5c2d30	FUN_005c2d30	~SUnit/STarget	U	world/game	loop-only	periodic<1/s	28	4	12	12	50	0	
0x5c2df0	FUN_005c2df0	~SUnit/STarget	U	world/game	loop-only	periodic<1/s	159	51	51	57	150	4	
0x5c3030	FUN_005c3030	~SUnit/STarget	U	world/game	loop-only	periodic<1/s	159	51	51	57	40	0	
0x5c30d0	SUnit::SetActiveDriver;SUnit::StoreUnit	SUnit	U	world/game	startup+loop	periodic<1/s	24	7	9	8	821	8	
0x5c5160	FUN_005c5160	~SUnit/STarget	U	world/game	startup+loop	periodic<1/s	31	9	11	11	30	12	
0x5c6130	FUN_005c6130	~SUnit/STarget	U	world/game	startup+loop	>=20/s	238565	75368	76805	86392	139	0	
0x5c6510	FUN_005c6510	~SUnitAnimation*	A	world/game	startup	0	0	0	0	0	12	0	
0x5c6540	FUN_005c6540	~SUnitAnimation*	A	world/game	startup	0	0	0	0	0	21	0	
0x5c65b0	FUN_005c65b0	~SUnitAnimation*	A	world/game	startup	0	0	0	0	0	12	0	
0x5c65e0	FUN_005c65e0	~SUnitAnimation*	A	world/game	startup	0	0	0	0	0	12	0	
0x5c6610	FUN_005c6610	~SUnitAnimation*	A	world/game	startup	0	0	0	0	0	23	0	
0x5c6690	FUN_005c6690	~SUnitAnimation*	A	world/game	startup	0	0	0	0	0	16	0	
0x5c66e0	FUN_005c66e0	~SUnitAnimation*	A	world/game	startup	0	0	0	0	0	12	0	
0x5c67d0	FUN_005c67d0	~SUnitAnimation*	A	world/game	startup+loop	periodic<1/s	153	45	57	51	56	8	
0x5c68e0	FUN_005c68e0	~SUnitAnimation*	A	world/game	startup+loop	periodic<1/s	30	9	11	10	76	8	
0x5c6e30	FUN_005c6e30	~SUnitAnimation*	A	world/game	loop-only	periodic<1/s	31	10	10	11	96	0	
0x5c6f50	FUN_005c6f50	~SUnitAnimation*	A	world/game	loop-only	periodic<1/s	103	33	33	37	81	0	
0x5c7080	FUN_005c7080	~SUnitAnimation*	A	world/game	startup+loop	>=1/s	630	210	204	216	24	4	
0x5c73f0	FUN_005c73f0	SSquadAnimation	A	world/game	loop-only	periodic<1/s	25	8	8	9	45	4	
0x5c7510	FUN_005c7510	SVehicleAnimation	A	world/game	loop-only	periodic<1/s	31	10	10	11	15	4	
0x5c7540	FUN_005c7540	SWalkerAnimation	A	world/game	loop-only	periodic<1/s	103	33	33	37	15	4	
0x5c75c0	FUN_005c75c0	~SUnitAnimation*	A	world/game	startup	0	0	0	0	0	46	0	
0x5c7630	FUN_005c7630	~SUnitAnimation*	A	world/game	startup+loop	periodic<1/s	30	9	11	10	37	4	
0x5c7770	FUN_005c7770	SPBuildingAnimation	A	world/game	startup	0	0	0	0	0	36	4	
0x5c7930	FUN_005c7930	SPSquadAnimation	A	world/game	startup+loop	periodic<1/s	24	7	9	8	37	4	
0x5c7a30	FUN_005c7a30	SPVehicleAnimation	A	world/game	startup+loop	periodic<1/s	30	9	11	10	40	4	
0x5c7ab0	FUN_005c7ab0	SPWalkerAnimation	A	world/game	startup+loop	periodic<1/s	99	29	37	33	39	4	
0x5c7c70	FUN_005c7c70	~SUnitAnimation*	A	world/game	startup+loop	>=1/s	1490	427	438	625	2	0	
0x5c7c80	FUN_005c7c80	~SUnitAnimation*	A	world/game	loop-only	sporadic	16	16	0	0	89	0	
0x5c7d90	SUnitAnimation::GetGlobalStateChangingText	SUnitAnimation	A	world/game	loop-only	sporadic	32	32	0	0	88	4	
0x5c7ea0	FUN_005c7ea0	SWalkerAnimation	A	world/game	startup+loop	>=20/s	106872	41695	32147	33030	19	4	
0x5c7ed0	FUN_005c7ed0	~SUnitAnimation*	A	world/game	startup+loop	>=20/s	80021	25439	25620	28962	53	4	
0x5c7f50	FUN_005c7f50	~SUnitAnimation*	A	world/game	startup+loop	>=20/s	9991	3259	3278	3454	2	4	
0x5c7f60	FUN_005c7f60	SWalkerAnimation	A	world/game	startup+loop	>=20/s	27840	10143	8847	8850	19	4	
0x5c7f90	SUnitAnimation::GetGlobalStateStandText_From_Number	SUnitAnimation	A	world/game	startup+loop	periodic<1/s	145	54	48	43	59	8	
0x5c8050	FUN_005c8050	~SUnitAnimation*	A	world/game	startup+loop	>=1/s	5402	1784	1814	1804	62	0	
0x5c8130	FUN_005c8130	~SUnitAnimation*	A	world/game	startup	0	0	0	0	0	88	12	
0x5c8240	FUN_005c8240	~SUnitAnimation*	A	world/game	startup+loop	periodic<1/s	30	9	11	10	2	0	
0x5c8250	FUN_005c8250	~SUnitAnimation*	A	world/game	startup+loop	periodic<1/s	31	9	11	11	2	0	
0x5c8270	FUN_005c8270	~SUnitAnimation*	A	world/game	startup+loop	periodic<1/s	191	66	62	63	62	0	
0x5c8470	FUN_005c8470	SPBuildingAnimation	A	world/game	startup	0	0	0	0	0	1	8	
0x5c8480	FUN_005c8480	SPFlyingAnimation	A	world/game	startup	0	0	0	0	0	82	8	
0x5c85a0	FUN_005c85a0	SPProjectileAnimation	A	world/game	startup	0	0	0	0	0	1	8	
0x5c85b0	FUN_005c85b0	SPSquadAnimation	A	world/game	startup	0	0	0	0	0	1	8	
0x5c85c0	FUN_005c85c0	~SUnitAnimation*	A	world/game	startup	0	0	0	0	0	82	8	
0x5c86e0	SPWalkerAnimation::Init	SPWalkerAnimation	A	world/game	startup	0	0	0	0	0	394	8	
0x5c8be0	FUN_005c8be0	SPWasterAnimation	A	world/game	startup	0	0	0	0	0	1	8	
0x5c8c20	FUN_005c8c20	SBuildingAnimation	A	world/game	startup	0	0	0	0	0	53	4	
0x5c9340	FUN_005c9340	SSquadAnimation	A	world/game	startup+loop	periodic<1/s	24	7	9	8	1	4	
0x5c93a0	SVehicleAnimation::InitModel	SVehicleAnimation	A	world/game	startup+loop	periodic<1/s	30	9	11	10	1032	4	
0x5ca110	FUN_005ca110	SWalkerAnimation	A	world/game	startup+loop	periodic<1/s	99	29	37	33	403	4	
0x5ca620	FUN_005ca620	SPBuildingAnimation	A	world/game	startup	0	0	0	0	0	33	8	
0x5ca680	FUN_005ca680	~SUnitAnimation*	A	world/game	startup+loop	sporadic	1	1	0	0	1	8	
0x5ca690	FUN_005ca690	~SUnitAnimation*	A	world/game	startup+loop	sporadic	2	2	0	0	236	8	
0x5ca980	FUN_005ca980	SPWalkerAnimation	A	world/game	startup	0	0	0	0	0	309	8	
0x5cae80	FUN_005cae80	~SUnitAnimation*	A	world/game	startup+loop	>=1/s	392	119	145	128	91	4	
0x5cafc0	FUN_005cafc0	~SUnitAnimation*	A	world/game	loop-only	>=20/s	27546	10096	8720	8730	55	0	
0x5cb650	FUN_005cb650	SBuildingAnimation	A	world/game	startup+loop	>=20/s	5599	1799	1801	1999	71	0	
0x5cc8c0	FUN_005cc8c0	SSquadAnimation	A	world/game	startup+loop	>=20/s	67880	21620	21868	24392	343	0	
0x5cd020	FUN_005cd020	SVehicleAnimation	A	world/game	startup+loop	>=20/s	20915	6429	6675	7811	1146	0	
0x5ce2a0	SWalkerAnimation::UpdateModel	SWalkerAnimation	A	world/game	startup+loop	>=20/s	144171	45520	46461	52190	1547	0	lifted
0x5cfb10	FUN_005cfb10	~SUnitRegistry/SWasterUnit	U	world/game	startup+loop	periodic<1/s	54	16	20	18	37	0	lifted
0x5cfbd0	FUN_005cfbd0	~SUnitRegistry/SWasterUnit	U	world/game	startup	0	0	0	0	0	9	4	lifted
0x5cfc10	FUN_005cfc10	~SUnitRegistry/SWasterUnit	U	world/game	startup	0	0	0	0	0	56	24	lifted
0x5cfe30	FUN_005cfe30	~SUnitRegistry/SWasterUnit	U	world/game	startup	0	0	0	0	0	892	0	lifted
0x5d0d30	FUN_005d0d30	~SUnitRegistry/SWasterUnit	U	world/game	startup	0	0	0	0	0	23	4	
0x5d0d80	FUN_005d0d80	~SUnitRegistry/SWasterUnit	U	world/game	startup	0	0	0	0	0	16	None	
0x5d0e70	SUnitRegistry::GetPUnit	SUnitRegistry	U	world/game	startup+loop	periodic<1/s	157	49	57	51	112	8	lifted
0x5d1050	SUnitRegistry::LoadUnitFiles;SUnitRegistry::SUnitRegistry	SUnitRegistry	U	world/game	startup	0	0	0	0	0	930	8	lifted
0x5d2f90	SWorld::SWorld	SWorld	W	world/game	startup	0	0	0	0	0	726	4	lifted
0x5d66a0	FUN_005d66a0	~SWorld	W	world/game	startup	0	0	0	0	0	26	4	
0x5d8670	FUN_005d8670	~SWorld	W	world/game	startup+loop	>=20/s	40254	12718	14040	13496	22	12	
0x5d86e0	FUN_005d86e0	~SWorld	W	world/game	startup+loop	>=20/s	40338	12777	14053	13508	10	12	
0x5d89f0	FUN_005d89f0	~SWorld	W	world/game	startup	0	0	0	0	0	46	0	
0x5d8a60	FUN_005d8a60	~SWorld	W	world/game	startup+loop	periodic<1/s	3	1	1	1	40	0	
0x5d8b90	FUN_005d8b90	~SWorld	W	world/game	startup+loop	periodic<1/s	18	5	6	7	65	0	
0x5d8fc0	FUN_005d8fc0	~SWorld	W	world/game	startup	0	0	0	0	0	66	0	
0x5d94b0	FUN_005d94b0	~SWorld	W	world/game	startup+loop	periodic<1/s	153	45	57	51	61	0	lifted
0x5d99f0	FUN_005d99f0	~SWorld	W	world/game	startup+loop	>=20/s	56878	19795	18056	19027	40	12	
0x5d9a90	FUN_005d9a90	~SWorld	W	world/game	startup+loop	>=20/s	27896	10154	8868	8874	118	20	
0x5d9c10	FUN_005d9c10	~SWorld	W	world/game	startup+loop	>=20/s	56878	19795	18056	19027	82	12	
0x5d9e00	FUN_005d9e00	~SWorld	W	world/game	startup+loop	>=20/s	61016	21225	19358	20433	47	16	
0x5d9eb0	FUN_005d9eb0	~SWorld	W	world/game	startup+loop	>=20/s	80779	27190	25648	27941	131	24	
0x5da050	SWorld::CheckStaticBlockMapInternal	SWorld	W	world/game	startup+loop	>=20/s	131690	43312	43687	44691	3153	16	
0x5dc7d0	FUN_005dc7d0	~SWorld	W	world/game	startup	0	0	0	0	0	20	0	lifted
0x5dc890	FUN_005dc890	~SWorld	W	world/game	startup	0	0	0	0	0	124	4	lifted
0x5dca30	FUN_005dca30	~SWorld	W	world/game	startup	0	0	0	0	0	78	4	
0x5dcb20	FUN_005dcb20	~SWorld	W	world/game	startup	0	0	0	0	0	74	4	
0x5dcbf0	FUN_005dcbf0	~SWorld	W	world/game	startup	0	0	0	0	0	37	4	
0x5dccd0	FUN_005dccd0	~SWorld	W	world/game	startup	0	0	0	0	0	76	4	
0x5dcea0	FUN_005dcea0	~SWorld	W	world/game	startup	0	0	0	0	0	36	4	
0x5dcf10	FUN_005dcf10	~SWorld	W	world/game	startup	0	0	0	0	0	39	4	
0x5dcf90	FUN_005dcf90	~SWorld	W	world/game	startup	0	0	0	0	0	39	4	
0x5dd010	FUN_005dd010	~SWorld	W	world/game	startup	0	0	0	0	0	64	4	lifted
0x5dd0c0	FUN_005dd0c0	~SWorld	W	world/game	startup	0	0	0	0	0	39	4	
0x5dd140	FUN_005dd140	~SWorld	W	world/game	startup	0	0	0	0	0	68	4	
0x5dd200	FUN_005dd200	~SWorld	W	world/game	startup	0	0	0	0	0	88	4	
0x5dd300	FUN_005dd300	~SWorld	W	world/game	startup	0	0	0	0	0	78	4	
0x5dd3e0	FUN_005dd3e0	~SWorld	W	world/game	startup	0	0	0	0	0	57	0	
0x5dd530	FUN_005dd530	~SWorld	W	world/game	startup	0	0	0	0	0	26	0	lifted
0x5dd580	FUN_005dd580	~SWorld	W	world/game	startup	0	0	0	0	0	62	0	
0x5dd650	FUN_005dd650	~SWorld	W	world/game	startup	0	0	0	0	0	68	0	
0x5dd720	FUN_005dd720	~SWorld	W	world/game	startup	0	0	0	0	0	93	0	
0x5dd880	FUN_005dd880	~SWorld	W	world/game	startup	0	0	0	0	0	62	0	lifted
0x5dd950	FUN_005dd950	~SWorld	W	world/game	startup	0	0	0	0	0	26	0	
0x5dd9a0	FUN_005dd9a0	~SWorld	W	world/game	startup	0	0	0	0	0	26	0	lifted
0x5dd9f0	FUN_005dd9f0	~SWorld	W	world/game	startup	0	0	0	0	0	26	0	lifted
0x5dda40	FUN_005dda40	~SWorld	W	world/game	startup	0	0	0	0	0	47	0	
0x5ddad0	FUN_005ddad0	~SWorld	W	world/game	startup	0	0	0	0	0	47	0	
0x5ddbc0	FUN_005ddbc0	~SWorld	W	world/game	startup+loop	>=20/s	85158	29265	26977	28916	29	16	
0x5ddc30	SWorld::ComputeCamera	SWorld	W	world/game	startup+loop	>=20/s	33010	12129	8946	11935	533	4	lifted
0x5e0260	FUN_005e0260	~SWorld	W	world/game	startup	0	0	0	0	0	595	0	
0x5e2da0	SWorld::CreateUnit	SWorld	W	world/game	startup+loop	periodic<1/s	54	16	20	18	268	4	lifted
0x5e3170	SWorld::CreateUnit	SWorld	W	world/game	startup+loop	periodic<1/s	99	29	37	33	380	40	
0x5e3c80	FUN_005e3c80	~SWorld	W	world/game	startup+loop	periodic<1/s	199	61	65	73	679	16	
0x5e4870	FUN_005e4870	~SWorld	W	world/game	startup+loop	>=20/s	28413	9477	8989	9947	373	8	
0x5e4e00	FUN_005e4e00	~SWorld	W	world/game	startup+loop	sporadic	4	4	0	0	58	4	lifted
0x5e5700	SWorld::FindEmptySpace	SWorld	W	world/game	startup+loop	>=20/s	28006	10190	8905	8911	154	32	
0x5e58d0	SWorld::FindEmptySpace	SWorld	W	world/game	startup+loop	periodic<1/s	205	50	75	80	769	28	
0x5e70e0	SWorld::GetGlobalAStar	SWorld	W	world/game	startup+loop	periodic<1/s	72	22	26	24	9	0	
0x5e7730	FUN_005e7730	~SWorld	W	world/game	startup+loop	>=1000/s	928556	308586	288158	331812	95	8	lifted
0x5e78b0	FUN_005e78b0	~SWorld	W	world/game	startup	0	0	0	0	0	34	4	
0x5e7960	SWorld::GetLocalAStar	SWorld	W	world/game	loop-only	sporadic	6	6	0	0	9	0	
0x5ec490	FUN_005ec490	~SWorld	W	world/game	startup+loop	>=20/s	89076	31720	26702	30654	72	8	lifted
0x5ec6c0	FUN_005ec6c0	~SWorld	W	world/game	startup	0	0	0	0	0	85	0	lifted
0x5ecc20	FUN_005ecc20	~SWorld	W	world/game	startup	0	0	0	0	0	121	0	lifted
0x5ecdf0	SWorld::InitFlyingFox	SWorld	W	world/game	startup	0	0	0	0	0	983	0	
0x5edca0	FUN_005edca0	~SWorld	W	world/game	startup	0	0	0	0	0	31	4	lifted
0x5edd00	FUN_005edd00	~SWorld	W	world/game	startup	0	0	0	0	0	114	0	
0x5edfd0	FUN_005edfd0	~SWorld	W	world/game	startup	0	0	0	0	0	39	0	lifted
0x5ee040	SDoodad::Initialize;SWorld::Initialize	SDoodad	-	world/game	startup	0	0	0	0	0	731	0	lifted
0x5ee9f0	FUN_005ee9f0	~SWorld	W	world/game	startup	0	0	0	0	0	86	0	lifted
0x5eec00	FUN_005eec00	~SWorld	W	world/game	startup	0	0	0	0	0	43	0	lifted
0x5eec90	SWorld::Initialize	SWorld	W	world/game	startup	0	0	0	0	0	127	0	lifted
0x5ef380	FUN_005ef380	~SWorld	W	world/game	startup	0	0	0	0	0	36	20	
0x5ef760	FUN_005ef760	~SWorld	W	world/game	startup+loop	periodic<1/s	24	7	9	8	264	8	
0x5efb40	FUN_005efb40	~SWorld	W	world/game	startup	0	0	0	0	0	54	4	lifted
0x5efcd0	FUN_005efcd0	~SWorld	W	world/game	startup	0	0	0	0	0	35	4	lifted
0x5efd30	FUN_005efd30	~SWorld	W	world/game	startup	0	0	0	0	0	36	4	
0x5efda0	FUN_005efda0	~SWorld	W	world/game	startup	0	0	0	0	0	58	4	lifted
0x5eff50	FUN_005eff50	~SWorld	W	world/game	startup	0	0	0	0	0	45	4	lifted
0x5effd0	FUN_005effd0	~SWorld	W	world/game	startup	0	0	0	0	0	59	4	lifted
0x5f0080	FUN_005f0080	~SWorld	W	world/game	startup	0	0	0	0	0	35	4	lifted
0x5f0140	FUN_005f0140	~SWorld	W	world/game	startup	0	0	0	0	0	56	4	
0x5f01e0	FUN_005f01e0	~SWorld	W	world/game	startup	0	0	0	0	0	35	4	
0x5f0240	FUN_005f0240	~SWorld	W	world/game	startup	0	0	0	0	0	35	4	
0x5f02a0	FUN_005f02a0	~SWorld	W	world/game	startup	0	0	0	0	0	66	4	
0x5f0500	FUN_005f0500	~SWorld	W	world/game	startup	0	0	0	0	0	63	4	lifted
0x5f05c0	FUN_005f05c0	~SWorld	W	world/game	startup	0	0	0	0	0	69	4	
0x5f0690	FUN_005f0690	~SWorld	W	world/game	startup	0	0	0	0	0	89	4	
0x5f07b0	FUN_005f07b0	~SWorld	W	world/game	startup	0	0	0	0	0	80	4	
0x5f08a0	FUN_005f08a0	~SWorld	W	world/game	startup	0	0	0	0	0	63	4	lifted
0x5f0960	FUN_005f0960	~SWorld	W	world/game	startup	0	0	0	0	0	66	4	
0x5f0a30	FUN_005f0a30	~SWorld	W	world/game	startup	0	0	0	0	0	91	4	lifted
0x5f0b60	FUN_005f0b60	~SWorld	W	world/game	startup	0	0	0	0	0	63	4	lifted
0x5f0c20	FUN_005f0c20	~SWorld	W	world/game	startup	0	0	0	0	0	88	4	
0x5f0d50	FUN_005f0d50	~SWorld	W	world/game	startup	0	0	0	0	0	63	4	
0x5f1070	FUN_005f1070	~SWorld	W	world/game	startup	0	0	0	0	0	44	4	lifted
0x5f1100	FUN_005f1100	~SWorld	W	world/game	startup	0	0	0	0	0	58	4	lifted
0x5f13b0	FUN_005f13b0	~SWorld	W	world/game	startup	0	0	0	0	0	18	4	
0x5f13e0	FUN_005f13e0	~SWorld	W	world/game	startup	0	0	0	0	0	50	4	lifted
0x5f1590	FUN_005f1590	~SWorld	W	world/game	startup	0	0	0	0	0	47	4	lifted
0x5f1860	SWeather::Load	SWeather	-	world/game	startup	0	0	0	0	0	36	4	lifted
0x5f1990	FUN_005f1990	~SWorld	W	world/game	startup	0	0	0	0	0	403	None	lifted
0x5f1fa7	FUN_005f1fa7	~SWorld	W	world/game	startup	0	0	0	0	0	12	16	
0x5f2a50	FUN_005f2a50	~SWorld	W	world/game	startup	0	0	0	0	0	304	4	lifted
0x5f2ed0	FUN_005f2ed0	~SWorld	W	world/game	startup	0	0	0	0	0	43	4	lifted
0x5f2fc0	FUN_005f2fc0	~SWorld	W	world/game	startup	0	0	0	0	0	300	4	lifted
0x5f33f0	FUN_005f33f0	~SWorld	W	world/game	startup	0	0	0	0	0	297	4	lifted
0x5f3d60	SWorld::LoadWires	SWorld	W	world/game	startup	0	0	0	0	0	440	8	
0x5f4430	FUN_005f4430	~SWorld	W	world/game	startup+loop	>=20/s	113177	39405	35919	37853	134	16	
0x5f4720	FUN_005f4720	~SWorld	W	world/game	startup+loop	>=1/s	1636	336	632	668	151	20	
0x5f4910	FUN_005f4910	~SWorld	W	world/game	startup	0	0	0	0	0	133	12	
0x5f6bf0	SWorld::RefreshFlyingFox	SWorld	W	world/game	startup+loop	>=20/s	5599	1799	1801	1999	310	0	
0x5f7220	FUN_005f7220	~SWorld	W	world/game	startup+loop	periodic<1/s	3	1	1	1	54	4	
0x5f7920	FUN_005f7920	~SWorld	W	world/game	loop-only	periodic<1/s	159	51	51	57	36	4	
0x5f8060	FUN_005f8060	~SWorld	W	world/game	loop-only	periodic<1/s	159	51	51	57	99	4	lifted
0x5f83b0	FUN_005f83b0	~SWorld	W	world/game	startup	0	0	0	0	0	89	8	lifted
0x5fd7c0	FUN_005fd7c0	~SWorld	W	world/game	startup	0	0	0	0	0	51	4	lifted
0x5fdaf0	SWorld::SetDefaultWeather	SWorld	W	world/game	startup	0	0	0	0	0	65	4	lifted
0x5fdc80	FUN_005fdc80	~SWorld	W	world/game	startup	0	0	0	0	0	185	8	lifted
0x5fec10	FUN_005fec10	~SWorld	W	world/game	startup	0	0	0	0	0	27	4	lifted
0x5fec80	SWorld::SetTriggerVariableValue	SWorld	W	world/game	loop-only	periodic<1/s	10	2	4	4	86	12	stub
0x5fedb0	FUN_005fedb0	~SWorld	W	world/game	startup	0	0	0	0	0	26	4	lifted
0x6007d0	FUN_006007d0	~SWorld	W	world/game	startup+loop	periodic<1/s	212	55	75	82	38	24	
0x600870	FUN_00600870	~SWorld	W	world/game	startup+loop	>=1/s	373	191	88	94	187	24	
0x6012d0	FUN_006012d0	~SWorld	W	world/game	startup	0	0	0	0	0	150	0	lifted
0x6014e0	FUN_006014e0	~SWorld	W	world/game	startup	0	0	0	0	0	59	0	lifted
0x601c10	FUN_00601c10	~SWorld	W	world/game	startup	0	0	0	0	0	881	8	lifted
0x6029b0	FUN_006029b0	~SWorld	W	world/game	startup	0	0	0	0	0	1502	4	lifted
0x6043a0	FUN_006043a0	~SWorld	W	world/game	startup	0	0	0	0	0	162	0	lifted
0x604620	FUN_00604620	~SWorld	W	world/game	startup+loop	>=20/s	5599	1800	1801	1998	1152	0	
0x607ad0	FUN_00607ad0	~SWorld	W	world/game	startup	0	0	0	0	0	166	0	
0x607f50	SWorld::UpdateSpeech	SWorld	W	world/game	startup+loop	>=20/s	5599	1799	1801	1999	275	0	
0x608360	FUN_00608360	~SWorld	W	world/game	startup	0	0	0	0	0	184	4	lifted
0x608600	SWorld::UpdateWaterMap	SWorld	W	world/game	startup	0	0	0	0	0	179	0	
0x6088f0	FUN_006088f0	~SWorld	W	world/game	startup+loop	>=20/s	5599	1799	1801	1999	321	0	lifted
0x609400	FUN_00609400	~SWorld	W	world/game	startup	0	0	0	0	0	33	0	
0x633030	FUN_00633030	~SSaveMenu	engine/shell	ui/shell	startup	0	0	0	0	0	47	0	lifted
0x6352f0	FUN_006352f0	~STrainingMenu	engine/shell	ui/shell	startup	0	0	0	0	0	74	0	lifted
0x64bb30	FUN_0064bb30	~SMarketListBox	engine/shell	ui/shell	startup	0	0	0	0	0	13	0	lifted
0x64bdf0	FUN_0064bdf0	~SRightMenu	engine/shell	ui/shell	startup	0	0	0	0	0	81	8	lifted
0x64c210	FUN_0064c210	~SRightMenu	engine/shell	ui/shell	startup	0	0	0	0	0	56	16	lifted
0x64c780	FUN_0064c780	~SMinimap	engine/shell	ui/shell	startup	0	0	0	0	0	44	0	
0x64c800	FUN_0064c800	~SMinimap	engine/shell	ui/shell	startup	0	0	0	0	0	31	0	lifted
0x64c870	FUN_0064c870	~SMinimap	engine/shell	ui/shell	startup	0	0	0	0	0	49	0	lifted
0x64c920	FUN_0064c920	~SMinimap	engine/shell	ui/shell	startup	0	0	0	0	0	502	16	lifted
0x64cf60	FUN_0064cf60	~SMinimap	engine/shell	ui/shell	startup	0	0	0	0	0	53	0	
0x64d6d0	FUN_0064d6d0	~SSettings	engine/shell	ui/shell	startup	0	0	0	0	0	82	52	
0x64d7d0	FUN_0064d7d0	~SSettings	engine/shell	ui/shell	startup	0	0	0	0	0	98	52	
0x64d900	FUN_0064d900	~SSettings	engine/shell	ui/shell	startup+loop	>=1000/s	417870	151522	113286	153062	2	0	
0x64dd70	FUN_0064dd70	~SSettings	engine/shell	ui/shell	startup	0	0	0	0	0	2	0	
0x64ddb0	FUN_0064ddb0	~SSettings	engine/shell	ui/shell	startup	0	0	0	0	0	82	4	
0x64def0	FUN_0064def0	~SSettings	engine/shell	ui/shell	startup+loop	>=1000/s	417870	151522	113286	153062	2	0	
0x64df90	FUN_0064df90	~SSettings	engine/shell	ui/shell	startup	0	0	0	0	0	5	0	
0x64dfb0	FUN_0064dfb0	~SSettings	engine/shell	ui/shell	startup	0	0	0	0	0	5	0	
0x64dfd0	FUN_0064dfd0	~SSettings	engine/shell	ui/shell	startup	0	0	0	0	0	2	0	
0x64e060	FUN_0064e060	~SSettings	engine/shell	ui/shell	startup+loop	>=1000/s	417870	151522	113286	153062	2	0	
0x64e240	FUN_0064e240	~SSettings	engine/shell	ui/shell	startup	0	0	0	0	0	2	0	
0x64e330	SSettings::Initalize	SSettings	engine/shell	ui/shell	startup	0	0	0	0	0	1066	0	lifted
0x64f6c0	FUN_0064f6c0	~SSettings	engine/shell	ui/shell	startup	0	0	0	0	0	54	8	lifted
0x64f780	FUN_0064f780	~SSettings	engine/shell	ui/shell	startup	0	0	0	0	0	54	8	lifted
0x64f860	FUN_0064f860	~SSettings	engine/shell	ui/shell	startup	0	0	0	0	0	211	4	lifted
0x656d50	SSuperWindow::SSuperWindow	SSuperWindow	engine/shell	ui/shell	startup	0	0	0	0	0	319	0	lifted
0x657540	FUN_00657540	~SSuperWindow	engine/shell	ui/shell	startup	0	0	0	0	0	120	12	lifted
0x657850	FUN_00657850	SSuperWindow	engine/shell	ui/shell	startup+loop	>=1/s	1420	461	456	503	71	16	lifted
0x6578f0	FUN_006578f0	SSuperWindow	engine/shell	ui/shell	startup	0	0	0	0	0	2	0	lifted
0x657910	SSuperWindow::Create;SSuperWindow::Initialize	SSuperWindow	engine/shell	ui/shell	startup	0	0	0	0	0	437	0	lifted
0x657ef0	SSuperWindow::LoadBinkVideo	SSuperWindow	engine/shell	ui/shell	startup	0	0	0	0	0	98	4	lifted
0x6583e0	SSuperWindow::LoadMainMenu	SSuperWindow	engine/shell	ui/shell	startup	0	0	0	0	0	82	0	lifted
0x658690	FUN_00658690	~SSuperWindow	engine/shell	ui/shell	startup	0	0	0	0	0	273	4	lifted
0x659020	FUN_00659020	SSuperWindow	engine/shell	ui/shell	startup	0	0	0	0	0	161	4	
0x65ae50	FUN_0065ae50	SSuperWindow	engine/shell	ui/shell	startup+loop	>=20/s	33010	12129	8946	11935	363	0	lifted
0x65b410	FUN_0065b410	SSuperWindow	engine/shell	ui/shell	startup	0	0	0	0	0	32	8	lifted
0x65b470	SSuperWindow::Play	SSuperWindow	engine/shell	ui/shell	startup	0	0	0	0	0	260	0	lifted
0x65bbf0	FUN_0065bbf0	~SSuperWindow	engine/shell	ui/shell	startup	0	0	0	0	0	14	4	
0x65c070	SVersion::GetVersionString	SVersion	engine/shell	ui/shell	startup	0	0	0	0	0	108	8	stub
0x65c470	SLogger::SLogger	SLogger	engine/shell	ui/shell	startup	0	0	0	0	0	69	16	
0x65c5a0	FUN_0065c5a0	~SLogger	engine/shell	ui/shell	startup	0	0	0	0	0	6	4	
0x65c810	FUN_0065c810	~SLogger	engine/shell	ui/shell	startup+loop	>=1/s	496	203	144	149	71	0	
0x65ca80	FUN_0065ca80	~SLogger	engine/shell	ui/shell	startup	0	0	0	0	0	21	4	
0x65cba0	FUN_0065cba0	~SLogger	engine/shell	ui/shell	startup+loop	periodic<1/s	42	38	2	2	70	12	lifted
0x65cc90	FUN_0065cc90	~SLogger	engine/shell	ui/shell	startup	0	0	0	0	0	20	12	
0x65cd20	FUN_0065cd20	~SLogger	engine/shell	ui/shell	startup+loop	>=20/s	5600	1800	1801	1999	19	0	
0x65ce20	FUN_0065ce20	~SLogger	engine/shell	ui/shell	startup+loop	>=20/s	5599	1799	1801	1999	63	0	
0x65cef0	FUN_0065cef0	SArchiveStream	engine/shell	ui/shell	startup+loop	periodic<1/s	39	37	1	1	26	4	
0x65cf40	FUN_0065cf40	SFileStream	engine/shell	ui/shell	startup	0	0	0	0	0	26	4	
0x65cfd0	FUN_0065cfd0	SStreamBuffer	engine/shell	ui/shell	startup+loop	>=20/s	5599	1799	1801	1999	15	4	
0x65d150	FUN_0065d150	SArchiveStream	engine/shell	ui/shell	startup+loop	>=1/s	2883	1863	484	536	24	8	lifted
0x65d1a0	FUN_0065d1a0	SFileStream	engine/shell	ui/shell	startup	0	0	0	0	0	46	8	
0x65d230	FUN_0065d230	SStreamBuffer	engine/shell	ui/shell	startup+loop	>=20/s	11198	3598	3602	3998	68	8	
0x65d300	FUN_0065d300	~SStreamBuffer	engine/shell	ui/shell	startup+loop	>=20/s	5599	1799	1801	1999	12	0	
0x65d320	FUN_0065d320	~SStreamBuffer	engine/shell	ui/shell	startup+loop	>=1/s	282	280	1	1	59	0	
0x65d3b0	FUN_0065d3b0	~SStreamBuffer	engine/shell	ui/shell	startup+loop	sporadic	330	330	0	0	18	0	
0x65d3f0	FUN_0065d3f0	~SStreamBuffer	engine/shell	ui/shell	startup	0	0	0	0	0	18	0	
0x65d430	FUN_0065d430	~SStreamBuffer	engine/shell	ui/shell	startup	0	0	0	0	0	14	0	
0x65d460	FUN_0065d460	~SStreamBuffer	engine/shell	ui/shell	startup+loop	>=1/s	282	280	1	1	30	0	
0x65d4b0	FUN_0065d4b0	~SStreamBuffer	engine/shell	ui/shell	startup	0	0	0	0	0	12	0	
0x65d4d0	FUN_0065d4d0	~SStreamBuffer	engine/shell	ui/shell	startup+loop	>=20/s	5989	2181	1805	2003	12	0	
0x65d4f0	FUN_0065d4f0	SArchiveStream	engine/shell	ui/shell	startup+loop	>=1/s	2883	1863	484	536	33	8	lifted
0x65d6a0	FUN_0065d6a0	~SStreamBuffer	engine/shell	ui/shell	startup+loop	periodic<1/s	12	10	1	1	30	0	lifted
0x65d740	FUN_0065d740	~SStreamBuffer	engine/shell	ui/shell	startup	0	0	0	0	0	15	4	
0x65d770	FUN_0065d770	~SStreamBuffer	engine/shell	ui/shell	startup+loop	sporadic	91	91	0	0	12	0	
0x65d790	FUN_0065d790	~SStreamBuffer	engine/shell	ui/shell	startup+loop	>=20/s	5599	1799	1801	1999	2	0	
0x65d7a0	FUN_0065d7a0	SArchiveStream	engine/shell	ui/shell	startup+loop	>=1/s	944	930	7	7	66	8	lifted
0x65d860	FUN_0065d860	SFileStream	engine/shell	ui/shell	startup	0	0	0	0	0	20	8	
0x65d8f0	FUN_0065d8f0	~SStreamBuffer	engine/shell	ui/shell	startup	0	0	0	0	0	6	4	
0x65d960	FUN_0065d960	SStreamBuffer	engine/shell	ui/shell	startup+loop	>=20/s	11200	3600	3602	3998	132	8	
0x65daf0	FUN_0065daf0	~SStreamBuffer	engine/shell	ui/shell	startup+loop	>=20/s	5599	1799	1801	1999	9	4	
0x65dc40	FUN_0065dc40	~SStreamBuffer	engine/shell	ui/shell	startup+loop	>=20/s	5600	1800	1801	1999	9	4	
0x65de10	FUN_0065de10	~SStreamBuffer	engine/shell	ui/shell	startup	0	0	0	0	0	24	4	
0x65de60	FUN_0065de60	~SStreamBuffer	engine/shell	ui/shell	startup+loop	>=1/s	636	588	24	24	24	4	lifted
0x65deb0	FUN_0065deb0	~SStreamBuffer	engine/shell	ui/shell	startup	0	0	0	0	0	46	0	
0x65df20	FUN_0065df20	~SStreamBuffer	engine/shell	ui/shell	startup	0	0	0	0	0	46	0	lifted
0x65df90	FUN_0065df90	~SStreamBuffer	engine/shell	ui/shell	startup	0	0	0	0	0	255	8	lifted
0x65e2b0	FUN_0065e2b0	~SStreamBuffer	engine/shell	ui/shell	startup	0	0	0	0	0	67	4	
0x65e3c0	FUN_0065e3c0	~SStreamBuffer	engine/shell	ui/shell	startup	0	0	0	0	0	296	28	
0x65e720	FUN_0065e720	~SStreamBuffer	engine/shell	ui/shell	startup	0	0	0	0	0	379	8	
0x65ed70	FUN_0065ed70	~SStreamBuffer	engine/shell	ui/shell	startup	0	0	0	0	0	5	0	lifted
0x65ee70	FUN_0065ee70	~SStreamBuffer	engine/shell	ui/shell	startup+loop	>=1/s	552	512	20	20	135	8	lifted
0x65f020	FUN_0065f020	~SStreamBuffer	engine/shell	ui/shell	startup+loop	periodic<1/s	61	59	1	1	54	8	lifted
0x65f1e0	FUN_0065f1e0	~SStreamBuffer	engine/shell	ui/shell	startup	0	0	0	0	0	181	4	lifted
0x65f420	FUN_0065f420	~SStreamBuffer	engine/shell	ui/shell	startup+loop	periodic<1/s	42	38	2	2	295	8	lifted
0x65f8e0	FUN_0065f8e0	~SStreamBuffer	engine/shell	ui/shell	startup+loop	sporadic	10	10	0	0	49	None	lifted
0x65f9b7	FUN_0065f9b7	~SStreamBuffer	engine/shell	ui/shell	startup+loop	sporadic	10	10	0	0	13	16	
0x65fa30	FUN_0065fa30	~SStreamBuffer	engine/shell	ui/shell	startup	0	0	0	0	0	59	4	lifted
0x65faf0	FUN_0065faf0	~SStreamBuffer	engine/shell	ui/shell	startup+loop	periodic<1/s	69	65	2	2	229	8	
0x65fde0	FUN_0065fde0	~SStreamBuffer	engine/shell	ui/shell	startup	0	0	0	0	0	56	8	lifted
0x65fe80	FUN_0065fe80	~SStreamBuffer	engine/shell	ui/shell	startup+loop	sporadic	10	10	0	0	56	8	lifted
0x65ff40	FUN_0065ff40	~SStreamBuffer	engine/shell	ui/shell	startup	0	0	0	0	0	13	0	
0x65ff70	FUN_0065ff70	~SStreamBuffer	engine/shell	ui/shell	startup+loop	sporadic	10	10	0	0	45	0	
0x65fff0	FUN_0065fff0	~SStreamBuffer	engine/shell	ui/shell	startup+loop	sporadic	20	20	0	0	52	0	
0x660080	FUN_00660080	~SStreamBuffer	engine/shell	engine	startup+loop	sporadic	10	10	0	0	13	None	lifted
0x6600b0	FUN_006600b0	~SStreamBuffer	engine/shell	engine	startup+loop	sporadic	8633	8633	0	0	24	4	lifted
0x660100	FUN_00660100	~SStreamBuffer	engine/shell	engine	startup+loop	sporadic	6459	6459	0	0	23	4	lifted
0x660150	FUN_00660150	~SStreamBuffer	engine/shell	engine	startup	0	0	0	0	0	2	0	lifted
0x660160	FUN_00660160	~SStreamBuffer	engine/shell	engine	startup	0	0	0	0	0	27	0	lifted
0x6601b0	FUN_006601b0	~SStreamBuffer	engine/shell	engine	startup	0	0	0	0	0	2	0	lifted
0x6601c0	FUN_006601c0	~SStreamBuffer	engine/shell	engine	startup+loop	sporadic	6617	6617	0	0	98	4	lifted
0x6602c0	FUN_006602c0	~SStreamBuffer	engine/shell	engine	startup+loop	sporadic	8751	8751	0	0	123	4	lifted
0x660490	FUN_00660490	~SStreamBuffer	engine/shell	engine	startup+loop	sporadic	3379	3379	0	0	38	12	lifted
0x660500	FUN_00660500	~SStreamBuffer	engine/shell	engine	startup+loop	sporadic	2637	2637	0	0	37	12	lifted
0x660570	FUN_00660570	~SStreamBuffer	engine/shell	engine	startup+loop	sporadic	581	581	0	0	32	12	lifted
0x6605d0	FUN_006605d0	~SStreamBuffer	engine/shell	engine	startup+loop	sporadic	20	20	0	0	84	4	lifted
0x6606c0	FUN_006606c0	~SStreamBuffer	engine/shell	engine	startup+loop	sporadic	2154	2154	0	0	84	4	lifted
0x6607d0	FUN_006607d0	~SStreamBuffer	engine/shell	engine	startup	0	0	0	0	0	35	8	lifted
0x660840	FUN_00660840	~SStreamBuffer	engine/shell	engine	startup+loop	sporadic	10	10	0	0	317	8	lifted
0x660be0	FUN_00660be0	~SStreamBuffer	engine/shell	engine	startup	0	0	0	0	0	42	0	lifted
0x660c50	FUN_00660c50	~SStreamBuffer	engine/shell	engine	startup	0	0	0	0	0	137	0	lifted
0x660db0	FUN_00660db0	~SStreamBuffer	engine/shell	engine	startup	0	0	0	0	0	550	0	lifted
0x661440	FUN_00661440	~SStreamBuffer	engine/shell	engine	startup+loop	>=1000/s	1150044	417858	316386	415800	51	0	lifted
0x661520	FUN_00661520	~SStreamBuffer	engine/shell	engine	startup	0	0	0	0	0	104	0	
0x661700	STimer::EndPeriod	STimer	engine/shell	engine	startup+loop	>=1000/s	28453040	10415934	7721040	10316066	36	0	
0x661800	FUN_00661800	~STimer	engine/shell	engine	startup+loop	>=20/s	104635	38195	28633	37807	27	0	
0x6618a0	FUN_006618a0	~STimer	engine/shell	engine	startup+loop	>=1000/s	28452998	10415934	7721039	10316025	38	8	
0x661950	FUN_00661950	~STimer	engine/shell	engine	startup+loop	>=1000/s	28452996	10415934	7721039	10316023	13	0	
0x661a50	FUN_00661a50	~STimer	engine/shell	engine	startup	0	0	0	0	0	27	8	
0x661b30	FUN_00661b30	~STimer	engine/shell	engine	startup	0	0	0	0	0	12	0	
0x661d60	FUN_00661d60	~STimer	engine/shell	engine	startup	0	0	0	0	0	45	16	lifted
0x661ef0	FUN_00661ef0	~STimer	engine/shell	engine	startup	0	0	0	0	0	46	12	lifted
0x661f90	SPPropertyColor::SPPropertyColor	SPPropertyColor	engine/shell	engine	startup	0	0	0	0	0	54	12	lifted
0x662050	FUN_00662050	~SPPropertyColor	engine/shell	engine	startup	0	0	0	0	0	119	0	lifted
0x6621e0	SPPropertyExpr::SPPropertyExpr	SPPropertyExpr	engine/shell	engine	startup	0	0	0	0	0	95	28	
0x662330	SPPropertyFloat::SPPropertyFloat	SPPropertyFloat	engine/shell	engine	startup	0	0	0	0	0	68	20	lifted
0x662430	SPPropertyInt::SPPropertyInt	SPPropertyInt	engine/shell	engine	startup	0	0	0	0	0	67	20	lifted
0x662520	SPPropertyMulti::SPPropertyMulti	SPPropertyMulti	engine/shell	engine	startup	0	0	0	0	0	118	0	lifted
0x6626c0	FUN_006626c0	~SPPropertyMulti	engine/shell	engine	startup	0	0	0	0	0	56	12	lifted
0x662790	FUN_00662790	~SPPropertyMulti	engine/shell	engine	startup	0	0	0	0	0	111	0	lifted
0x662980	FUN_00662980	~SPPropertyMulti	engine/shell	engine	startup+loop	sporadic	492	492	0	0	147	8	lifted
0x662ca0	FUN_00662ca0	~SPPropertyMulti	engine/shell	engine	startup+loop	sporadic	253	253	0	0	50	8	
0x662dd0	FUN_00662dd0	~SPPropertyMulti	engine/shell	engine	startup+loop	sporadic	115	115	0	0	60	4	
0x6631b0	FUN_006631b0	~SPPropertyMulti	engine/shell	engine	startup+loop	sporadic	303	303	0	0	50	8	lifted
0x663250	FUN_00663250	~SPPropertyMulti	engine/shell	engine	startup+loop	sporadic	171	171	0	0	153	8	lifted
0x663450	FUN_00663450	~SPPropertyMulti	engine/shell	engine	startup+loop	sporadic	489	489	0	0	55	8	
0x663510	FUN_00663510	~SPPropertyMulti	engine/shell	engine	startup+loop	sporadic	2259	2259	0	0	123	4	lifted
0x6636b0	FUN_006636b0	~SPPropertyMulti	engine/shell	engine	startup+loop	sporadic	368	368	0	0	74	4	lifted
0x663e20	FUN_00663e20	~SPPropertyMulti	engine/shell	engine	startup+loop	sporadic	492	492	0	0	75	0	
0x664050	FUN_00664050	~SPPropertyMulti	engine/shell	engine	startup+loop	sporadic	171	171	0	0	75	0	
0x664190	FUN_00664190	~SPPropertyMulti	engine/shell	engine	startup+loop	sporadic	2259	2259	0	0	75	0	
0x664530	FUN_00664530	SPropertyArray	engine/shell	engine	startup+loop	sporadic	492	492	0	0	15	4	
0x664560	FUN_00664560	SPropertyBool	engine/shell	engine	startup+loop	sporadic	1107	1107	0	0	23	4	
0x6645a0	FUN_006645a0	SPropertyColor	engine/shell	engine	startup+loop	sporadic	253	253	0	0	23	4	
0x6645e0	FUN_006645e0	SPropertyEnum	engine/shell	engine	startup+loop	sporadic	311	311	0	0	23	4	
0x664620	FUN_00664620	SPropertyExpr	engine/shell	engine	startup+loop	sporadic	115	115	0	0	32	4	
0x664680	FUN_00664680	SPropertyFloat	engine/shell	engine	startup+loop	sporadic	4106	4106	0	0	23	4	
0x6646c0	FUN_006646c0	SPropertyInt	engine/shell	engine	startup+loop	sporadic	303	303	0	0	23	4	
0x664700	FUN_00664700	SPropertyMulti	engine/shell	engine	startup+loop	sporadic	171	171	0	0	15	4	
0x664730	FUN_00664730	SPropertyString	engine/shell	engine	startup+loop	sporadic	489	489	0	0	32	4	
0x664790	FUN_00664790	SPropertyStruct	engine/shell	engine	startup+loop	sporadic	2259	2259	0	0	15	4	
0x6647c0	FUN_006647c0	SPropertyTrack	engine/shell	engine	startup+loop	sporadic	368	368	0	0	38	4	
0x664830	FUN_00664830	~SPropertyTrack	engine/shell	engine	startup+loop	sporadic	127	127	0	0	46	0	
0x6648a0	FUN_006648a0	~SPropertyTrack	engine/shell	engine	startup+loop	sporadic	127	127	0	0	60	8	lifted
0x664960	SPProperty::CreateInstance	SPProperty	engine/shell	engine	startup+loop	sporadic	9238	9238	0	0	123	0	lifted
0x664c30	FUN_00664c30	~SPProperty	engine/shell	engine	startup+loop	sporadic	253	253	0	0	40	0	lifted
0x664ca0	FUN_00664ca0	~SPProperty	engine/shell	engine	startup+loop	sporadic	311	311	0	0	61	0	lifted
0x664e10	FUN_00664e10	~SPProperty	engine/shell	engine	startup+loop	sporadic	115	115	0	0	39	0	
0x664f70	FUN_00664f70	~SPProperty	engine/shell	engine	startup+loop	sporadic	4106	4106	0	0	76	0	lifted
0x6650d0	FUN_006650d0	~SPProperty	engine/shell	engine	startup+loop	sporadic	303	303	0	0	40	0	
0x665140	FUN_00665140	~SPProperty	engine/shell	engine	startup+loop	sporadic	171	171	0	0	40	0	
0x665220	FUN_00665220	~SPProperty	engine/shell	engine	startup+loop	sporadic	489	489	0	0	41	0	lifted
0x665290	FUN_00665290	~SPProperty	engine/shell	engine	startup+loop	sporadic	1891	1891	0	0	39	0	
0x665300	FUN_00665300	~SPProperty	engine/shell	engine	startup+loop	sporadic	368	368	0	0	39	0	
0x665370	SPropertyStruct::GetArrayItem;SPropertyTrack::GetArraySize	SPropertyStruct	engine/shell	engine	startup+loop	sporadic	52	52	0	0	93	8	
0x6654a0	SPropertyTrack::GetArraySize	SPropertyTrack	engine/shell	engine	startup+loop	sporadic	36	36	0	0	68	4	
0x665560	SPropertyStruct::GetBool	SPropertyStruct	engine/shell	engine	startup+loop	sporadic	77	77	0	0	63	8	lifted
0x665610	SPropertyStruct::GetBool	SPropertyStruct	engine/shell	engine	startup+loop	sporadic	232	232	0	0	68	4	lifted
0x6656d0	SPropertyStruct::GetColor	SPropertyStruct	engine/shell	engine	startup+loop	sporadic	1	1	0	0	63	8	
0x665780	SPropertyStruct::GetColor	SPropertyStruct	engine/shell	engine	startup+loop	sporadic	16	16	0	0	68	4	lifted
0x665840	FUN_00665840	~SPropertyStruct	engine/shell	engine	startup+loop	sporadic	230	230	0	0	36	4	
0x6658a0	SPropertyStruct::GetEnum	SPropertyStruct	engine/shell	engine	startup+loop	sporadic	5	5	0	0	63	8	
0x665950	SPropertyStruct::GetEnum	SPropertyStruct	engine/shell	engine	startup+loop	sporadic	75	75	0	0	68	4	lifted
0x665b50	SPropertyStruct::GetFloat	SPropertyStruct	engine/shell	engine	startup+loop	sporadic	296	296	0	0	60	8	lifted
0x665c00	SPropertyStruct::GetFloat	SPropertyStruct	engine/shell	engine	startup+loop	sporadic	545	545	0	0	108	4	lifted
0x665da0	SPropertyStruct::GetInt	SPropertyStruct	engine/shell	engine	startup+loop	sporadic	5	5	0	0	63	8	
0x665e50	SPropertyStruct::GetInt	SPropertyStruct	engine/shell	engine	startup+loop	sporadic	53	53	0	0	68	4	lifted
0x665f10	SPropertyStruct::GetMultiIndex	SPropertyStruct	engine/shell	engine	startup+loop	sporadic	15	15	0	0	63	8	
0x665fc0	SPropertyStruct::GetMultiIndex	SPropertyStruct	engine/shell	engine	startup+loop	sporadic	56	56	0	0	68	4	lifted
0x666080	SPropertyStruct::GetMultiSubStruct	SPropertyStruct	engine/shell	engine	startup+loop	sporadic	30	30	0	0	81	8	lifted
0x666190	SPropertyStruct::GetMultiSubStruct	SPropertyStruct	engine/shell	engine	startup+loop	sporadic	15	15	0	0	86	4	lifted
0x6662a0	SPropertyStruct::GetString	SPropertyStruct	engine/shell	engine	startup+loop	sporadic	26	26	0	0	66	8	lifted
0x666360	SPropertyStruct::GetString	SPropertyStruct	engine/shell	engine	startup+loop	sporadic	108	108	0	0	71	4	lifted
0x666430	SPropertyStruct::GetStruct	SPropertyStruct	engine/shell	engine	startup+loop	sporadic	51	51	0	0	62	8	lifted
0x6664e0	SPropertyStruct::GetStruct	SPropertyStruct	engine/shell	engine	startup+loop	sporadic	4	4	0	0	67	4	
0x666640	SPropertyTrack::GetTrack	SPropertyTrack	engine/shell	engine	startup+loop	sporadic	65	65	0	0	67	4	lifted
0x6666f0	FUN_006666f0	SPropertyArray	engine/shell	engine	startup+loop	sporadic	492	492	0	0	438	12	lifted
0x666c40	FUN_00666c40	SPropertyBool	engine/shell	engine	startup+loop	sporadic	1107	1107	0	0	125	12	lifted
0x666db0	FUN_00666db0	SPropertyColor	engine/shell	engine	startup+loop	sporadic	253	253	0	0	128	12	lifted
0x666f20	FUN_00666f20	SPropertyEnum	engine/shell	engine	startup+loop	sporadic	311	311	0	0	123	12	lifted
0x667080	FUN_00667080	SPropertyExpr	engine/shell	engine	startup+loop	sporadic	115	115	0	0	184	12	
0x667290	FUN_00667290	SPropertyFloat	engine/shell	engine	startup+loop	sporadic	3370	3370	0	0	136	12	lifted
0x667420	FUN_00667420	SPropertyInt	engine/shell	engine	startup+loop	sporadic	303	303	0	0	130	12	lifted
0x667590	FUN_00667590	SPropertyMulti	engine/shell	engine	startup+loop	sporadic	171	171	0	0	151	12	lifted
0x667750	FUN_00667750	SPropertyString	engine/shell	engine	startup+loop	sporadic	466	466	0	0	166	12	lifted
0x667920	FUN_00667920	SPropertyStruct	engine/shell	engine	startup+loop	sporadic	1891	1891	0	0	140	12	lifted
0x667ac0	FUN_00667ac0	SPropertyTrack	engine/shell	engine	startup+loop	sporadic	368	368	0	0	135	12	lifted
0x667cf0	SPropertyTrack::GetTrackFloat	SPropertyTrack	engine/shell	engine	startup+loop	sporadic	65	65	0	0	85	0	lifted
0x668f90	FUN_00668f90	~SPropertyStruct	engine/shell	engine	startup	0	0	0	0	0	55	8	
0x669080	FUN_00669080	~SPropertyStruct	engine/shell	engine	startup	0	0	0	0	0	34	4	
0x669220	FUN_00669220	~SPropertyStruct	engine/shell	engine	startup+loop	sporadic	230	230	0	0	79	12	
0x669450	FUN_00669450	~SPropertyEnum	engine/shell	engine	startup+loop	sporadic	171	171	0	0	38	4	lifted
0x6695a0	FUN_006695a0	~SPropertyStruct	engine/shell	engine	startup+loop	sporadic	935	935	0	0	11	None	lifted
0x669aa0	FUN_00669aa0	~SPropertyStruct	engine/shell	engine	startup+loop	sporadic	311	311	0	0	44	4	lifted
0x669be0	FUN_00669be0	~SPropertyStruct	engine/shell	engine	startup	0	0	0	0	0	49	8	
0x669c70	FUN_00669c70	~SPropertyStruct	engine/shell	engine	startup+loop	>=1/s	1419	461	455	503	16	16	
0x669ca0	FUN_00669ca0	~SPropertyStruct	engine/shell	engine	startup+loop	>=1/s	1485	515	461	509	4	0	
0x669cc0	FUN_00669cc0	~SPropertyStruct	engine/shell	engine	startup+loop	>=1/s	2904	976	916	1012	12	0	
0x669ce0	FUN_00669ce0	~SPropertyStruct	engine/shell	engine	startup+loop	>=1/s	1419	461	455	503	40	4	
0x669d60	SBitmap::BitBlt	SBitmap	engine/shell	engine	startup+loop	>=1/s	2838	922	910	1006	459	28	
0x66a460	FUN_0066a460	~SBitmap	engine/shell	engine	startup+loop	>=1/s	2838	922	910	1006	24	0	
0x66b3b0	FUN_0066b3b0	~SBitmap	engine/shell	engine	startup	0	0	0	0	0	44	0	
0x66e960	FUN_0066e960	~SBitmap	engine/shell	engine	startup+loop	periodic<1/s	132	108	12	12	16	0	
0x66e990	SBitmap::InitPixelFormat	SBitmap	engine/shell	engine	startup+loop	>=1/s	2904	976	916	1012	25	0	
0x66ea40	FUN_0066ea40	~SBitmap	engine/shell	engine	startup	0	0	0	0	0	48	4	
0x66ead0	FUN_0066ead0	~SBitmap	engine/shell	engine	startup	0	0	0	0	0	160	8	
0x670300	FUN_00670300	~SBitmap	engine/shell	engine	startup	0	0	0	0	0	99	0	lifted
0x670440	FUN_00670440	~SBitmap	engine/shell	engine	startup	0	0	0	0	0	532	0	lifted
0x671000	FUN_00671000	~SBitmap	engine/shell	engine	startup	0	0	0	0	0	21	0	
0x671100	FUN_00671100	~SBitmap	engine/shell	engine	startup	0	0	0	0	0	42	4	lifted
0x6712a0	FUN_006712a0	~SBitmap	engine/shell	engine	startup	0	0	0	0	0	116	4	lifted
0x671420	STrackPositionIndependent::STrackPositionIndependent	STrackPositionIndependent	engine/shell	engine	startup	0	0	0	0	0	127	4	lifted
0x6715b0	FUN_006715b0	~STrackPositionIndependent	engine/shell	engine	startup	0	0	0	0	0	93	4	lifted
0x6716d0	STrackRotationEuler::STrackRotationEuler	STrackRotationEuler	engine/shell	engine	startup	0	0	0	0	0	127	4	lifted
0x671860	FUN_00671860	~STrackRotationEuler	engine/shell	engine	startup	0	0	0	0	0	93	4	lifted
0x671980	FUN_00671980	~STrackRotationEuler	engine/shell	engine	startup	0	0	0	0	0	626	4	lifted
0x672c90	FUN_00672c90	~STrackRotationTCB	engine/shell	engine	loop-only	>=20/s	103887	39207	25746	38934	75	12	lifted
0x6746d0	FUN_006746d0	~STrackRotationTCB	engine/shell	engine	startup+loop	>=1000/s	1193036	444266	351203	397567	153	4	lifted
0x674e50	FUN_00674e50	STrackPositionBezier	engine/shell	engine	loop-only	>=20/s	167949	67965	45184	54800	201	8	lifted
0x675170	FUN_00675170	STrackPositionIndependent	engine/shell	engine	startup+loop	>=20/s	36257	12391	11188	12678	51	8	lifted
0x675220	FUN_00675220	STrackPositionPacked	engine/shell	engine	startup+loop	>=1000/s	1126241	407783	307424	411034	143	8	lifted
0x675470	FUN_00675470	STrackRotationEuler	engine/shell	engine	startup+loop	>=1000/s	420116	156224	121845	142047	164	8	lifted
0x675710	FUN_00675710	STrackRotationEulerPacked	engine/shell	engine	startup+loop	>=1000/s	12076767	4351975	3303087	4421705	358	8	lifted
0x676560	FUN_00676560	~STrackRotationTCB	engine/shell	engine	startup+loop	>=1000/s	3583025	1290189	980411	1312425	121	36	lifted
0x676870	FUN_00676870	~STrackRotationTCB	engine/shell	engine	startup+loop	sporadic	230	230	0	0	48	None	
0x676932	FUN_00676932	~STrackRotationTCB	engine/shell	engine	startup+loop	sporadic	230	230	0	0	10	8	
0x676950	FUN_00676950	~STrackRotationTCB	engine/shell	engine	startup+loop	sporadic	230	230	0	0	37	0	
0x6769b0	FUN_006769b0	~STrackRotationTCB	engine/shell	engine	startup+loop	sporadic	230	230	0	0	37	0	
0x676a10	FUN_00676a10	~STrackRotationTCB	engine/shell	engine	startup+loop	sporadic	230	230	0	0	176	0	
0x676c20	SGepard::SGepard	SGepard	engine/shell	engine	startup	0	0	0	0	0	112	0	lifted
0x676f60	FUN_00676f60	~SGepard	engine/shell	engine	startup+loop	>=1000/s	20310180	7433928	5508490	7367762	34	4	lifted
0x6777a0	FUN_006777a0	~SGepard	engine/shell	engine	startup+loop	sporadic	508	508	0	0	42	0	
0x677800	FUN_00677800	~SGepard	engine/shell	engine	startup+loop	>=1000/s	61438690	22421132	16736078	22281480	22	4	
0x677850	FUN_00677850	~SGepard	engine/shell	engine	startup+loop	>=1000/s	546492	199330	149091	198071	25	4	
0x6778a0	FUN_006778a0	~SGepard	engine/shell	engine	startup+loop	periodic<1/s	168	60	57	51	25	4	
0x677940	FUN_00677940	~SGepard	engine/shell	engine	startup+loop	>=20/s	66030	24268	17888	23874	25	4	
0x677990	FUN_00677990	~SGepard	engine/shell	engine	startup+loop	>=1000/s	27434475	10062687	7446960	9924828	27	4	
0x6779e0	FUN_006779e0	~SGepard	engine/shell	engine	startup+loop	>=20/s	132102	48568	35783	47751	28	4	
0x677a40	FUN_00677a40	~SGepard	engine/shell	engine	startup+loop	sporadic	18	18	0	0	24	4	
0x677a80	FUN_00677a80	~SGepard	engine/shell	engine	startup	0	0	0	0	0	56	0	
0x677b20	FUN_00677b20	~SGepard	engine/shell	engine	startup	0	0	0	0	0	56	0	
0x677bc0	FUN_00677bc0	~SGepard	engine/shell	engine	startup+loop	sporadic	4	4	0	0	56	0	
0x677c60	FUN_00677c60	~SGepard	engine/shell	engine	startup	0	0	0	0	0	56	0	
0x677d00	FUN_00677d00	~SGepard	engine/shell	engine	startup	0	0	0	0	0	56	0	
0x677da0	FUN_00677da0	~SGepard	engine/shell	engine	startup	0	0	0	0	0	66	0	
0x677e50	FUN_00677e50	~SGepard	engine/shell	engine	startup+loop	periodic<1/s	8	6	1	1	74	0	
0x677f20	FUN_00677f20	~SGepard	engine/shell	engine	startup+loop	periodic<1/s	261	78	96	87	31	4	
0x677f90	SGepard::AdvanceDynamicIB	SGepard	engine/shell	engine	startup+loop	>=1000/s	561170	206193	152082	202895	11	4	
0x677fc0	SGepard::AdvanceDynamicVB	SGepard	engine/shell	engine	startup+loop	>=1000/s	9144835	3354229	2482320	3308286	44	4	lifted
0x678210	FUN_00678210	SGepard	engine/shell	engine	startup	0	0	0	0	0	98	0	lifted
0x6786c0	SGepard::CreateDynamicIB	SGepard	engine/shell	engine	startup	0	0	0	0	0	26	0	
0x678730	SGepard::CreateDynamicVB	SGepard	engine/shell	engine	startup	0	0	0	0	0	26	0	
0x6787a0	SGepard::CreateDynamicVBFormat	SGepard	engine/shell	engine	startup	0	0	0	0	0	75	4	
0x678ba0	FUN_00678ba0	~SGepard	engine/shell	engine	startup	0	0	0	0	0	69	0	
0x678c70	FUN_00678c70	~SGepard	engine/shell	engine	startup	0	0	0	0	0	68	16	
0x678e60	SGepard::CreatePixelShader	SGepard	engine/shell	engine	startup	0	0	0	0	0	34	8	
0x678ed0	FUN_00678ed0	SGepard	engine/shell	engine	startup	0	0	0	0	0	64	0	
0x679150	SGepard::CreateTextureFromBitmap	SGepard	engine/shell	engine	startup	0	0	0	0	0	445	12	
0x679770	SGepard::CreateTextureFromDXT	SGepard	engine/shell	engine	startup+loop	periodic<1/s	8	6	1	1	414	12	
0x679d00	SGepard::CreateVertexDeclaration	SGepard	engine/shell	engine	startup	0	0	0	0	0	48	4	
0x679eb0	SGepard::CreateVertexShader	SGepard	engine/shell	engine	startup	0	0	0	0	0	34	8	
0x67a3f0	FUN_0067a3f0	SGepard	engine/shell	engine	startup	0	0	0	0	0	53	4	stub
0x67a490	SGepard::DrawDynamicVB	SGepard	engine/shell	engine	startup+loop	>=1000/s	525554	190140	144450	190964	51	12	
0x67a550	SGepard::DrawDynamicVBIB	SGepard	engine/shell	engine	startup+loop	>=1000/s	561170	206193	152082	202895	62	12	
0x67a650	SGepard::DrawIndexedDynamicVB	SGepard	engine/shell	engine	startup+loop	>=1000/s	8058094	2957879	2185788	2914427	54	24	lifted
0x67a720	FUN_0067a720	~SGepard	engine/shell	engine	startup+loop	>=20/s	66020	24258	17892	23870	24	4	
0x67a760	FUN_0067a760	~SGepard	engine/shell	engine	startup	0	0	0	0	0	33	4	lifted
0x67a7d0	SGepard::GetCap	SGepard	engine/shell	engine	startup	0	0	0	0	0	12	4	
0x67a800	SGepard::GetCardInfo	SGepard	engine/shell	engine	startup	0	0	0	0	0	1507	0	
0x67bf40	FUN_0067bf40	~SGepard	engine/shell	engine	startup+loop	>=1000/s	8202374	3012039	2223794	2966541	22	0	
0x67bf90	FUN_0067bf90	SGepard	engine/shell	engine	startup	0	0	0	0	0	86	8	stub
0x67c0a0	FUN_0067c0a0	SGepard	engine/shell	engine	startup	0	0	0	0	0	73	8	stub
0x67c170	FUN_0067c170	SGepard	engine/shell	engine	startup+loop	sporadic	2	2	0	0	121	8	stub
0x67c310	FUN_0067c310	~SGepard	engine/shell	engine	startup	0	0	0	0	0	18	4	
0x67c380	SGepard::GetOption	SGepard	engine/shell	engine	startup+loop	>=1000/s	74878039	27421920	20313861	27142258	12	4	lifted
0x67c3b0	FUN_0067c3b0	SGepard	engine/shell	engine	startup	0	0	0	0	0	8	0	
0x67c9e0	FUN_0067c9e0	~SGepard	engine/shell	engine	startup+loop	>=1000/s	34147650	12490288	9268186	12389176	34	4	lifted
0x67ca50	FUN_0067ca50	SGepard	engine/shell	engine	startup+loop	>=1000/s	723752	263144	200176	260432	51	12	lifted
0x67cb00	FUN_0067cb00	SGepard	engine/shell	engine	startup+loop	>=20/s	66028	24266	17888	23874	25	4	
0x67cb60	FUN_0067cb60	~SGepard	engine/shell	engine	startup+loop	>=20/s	33010	12130	8946	11934	25	4	
0x67cbc0	FUN_0067cbc0	~SGepard	engine/shell	engine	startup+loop	>=1000/s	52405085	19138406	14233673	19033006	17	0	
0x67cc30	FUN_0067cc30	~SGepard	engine/shell	engine	startup	0	0	0	0	0	76	None	
0x67cd30	SGepard::InitTextureFormats	SGepard	engine/shell	engine	startup	0	0	0	0	0	199	0	
0x67d020	FUN_0067d020	~SGepard	engine/shell	engine	startup	0	0	0	0	0	118	0	
0x67d1c0	SGepard::Initialize	SGepard	engine/shell	engine	startup	0	0	0	0	0	388	36	lifted
0x67d920	FUN_0067d920	~SGepard	engine/shell	engine	startup	0	0	0	0	0	173	4	lifted
0x67db20	FUN_0067db20	SGepard	engine/shell	engine	startup+loop	sporadic	13	13	0	0	372	16	lifted
0x67df80	FUN_0067df80	~SGepard	engine/shell	engine	startup	0	0	0	0	0	25	0	
0x67e3b0	FUN_0067e3b0	~SGepard	engine/shell	engine	startup	0	0	0	0	0	109	0	
0x67ea30	SGepard::LoadTexture	SGepard	engine/shell	engine	startup+loop	periodic<1/s	147	135	6	6	429	12	lifted
0x67efc0	SGepard::LockDynamicIB	SGepard	engine/shell	engine	startup+loop	>=1000/s	561170	206193	152082	202895	55	4	
0x67f150	SGepard::LockDynamicVB	SGepard	engine/shell	engine	startup+loop	>=1000/s	9144819	3354229	2482320	3308270	74	8	lifted
0x67f4b0	SGepard::RegisterTexture	SGepard	engine/shell	engine	startup	0	0	0	0	0	115	8	
0x67f6d0	FUN_0067f6d0	SGepard	engine/shell	engine	startup	0	0	0	0	0	30	4	lifted
0x67f740	FUN_0067f740	SGepard	engine/shell	engine	startup+loop	>=1/s	471	164	153	154	60	4	
0x67fca0	FUN_0067fca0	~SGepard	engine/shell	engine	startup	0	0	0	0	0	28	4	
0x67fd60	FUN_0067fd60	~SGepard	engine/shell	engine	startup+loop	periodic<1/s	3	1	1	1	44	4	
0x67fde0	SGepard::CreateDynamicIB;SGepard::CreateDynamicVB;SGepard::ResetDevice	SGepard	engine/shell	engine	startup	0	0	0	0	0	237	0	
0x680230	FUN_00680230	~SGepard	engine/shell	engine	startup	0	0	0	0	0	23	16	
0x680280	FUN_00680280	~SGepard	engine/shell	engine	startup	0	0	0	0	0	145	0	
0x6803e0	FUN_006803e0	~SGepard	engine/shell	engine	startup+loop	>=20/s	33009	12129	8946	11934	81	4	
0x680510	FUN_00680510	~SGepard	engine/shell	engine	startup+loop	>=20/s	165051	60647	44730	59674	17	4	lifted
0x680620	SGepard::SetLights	SGepard	engine/shell	engine	startup+loop	>=20/s	99030	36387	26838	35805	182	4	lifted
0x680910	SGepard::SetOption	SGepard	engine/shell	engine	startup+loop	>=20/s	5600	1800	1801	1999	134	8	
0x680ac0	SGepard::SetPixelShader	SGepard	engine/shell	engine	startup+loop	>=1000/s	1310121	483759	348504	477858	35	4	lifted
0x680b30	FUN_00680b30	SGepard	engine/shell	engine	startup	0	0	0	0	0	58	4	stub
0x680bf0	FUN_00680bf0	~SGepard	engine/shell	engine	startup+loop	periodic<1/s	8	6	1	1	47	8	
0x680c90	FUN_00680c90	~SGepard	engine/shell	engine	startup+loop	>=1000/s	43926120	16088503	11911687	15925930	155	8	lifted
0x680e80	SGepard::SetVertexDeclaration	SGepard	engine/shell	engine	startup+loop	>=1000/s	28217742	10320570	7657998	10239174	55	8	lifted
0x680f40	SGepard::SetVertexShader	SGepard	engine/shell	engine	startup+loop	>=1000/s	15361300	5612430	4169334	5579536	35	4	lifted
0x680fb0	FUN_00680fb0	~SGepard	engine/shell	engine	startup+loop	>=1000/s	20142071	7370173	5465166	7306732	18	4	lifted
0x680fe0	FUN_00680fe0	~SGepard	engine/shell	engine	startup+loop	>=1000/s	1522120	556345	414480	551295	18	0	lifted
0x681400	SGepard::UnlockDynamicIB	SGepard	engine/shell	engine	startup+loop	>=1000/s	561170	206193	152082	202895	14	0	
0x681440	SGepard::UnlockDynamicVB	SGepard	engine/shell	engine	startup+loop	>=1000/s	9144835	3354229	2482320	3308286	14	0	lifted
0x6814b0	SGepard::UnselectViewport	SGepard	engine/shell	engine	startup+loop	>=20/s	33010	12129	8946	11935	39	0	
0x684300	SMilesConcert::SMilesConcert	SMilesConcert	engine/shell	engine	startup	0	0	0	0	0	348	12	lifted
0x684950	FUN_00684950	~SMilesConcert	engine/shell	engine	startup+loop	periodic<1/s	223	91	67	65	28	4	lifted
0x6849b0	FUN_006849b0	~SMilesConcert	engine/shell	engine	startup+loop	>=20/s	89462	30733	24447	34282	26	4	lifted
0x684a00	FUN_00684a00	~SMilesConcert	engine/shell	engine	startup	0	0	0	0	0	46	0	
0x684a70	FUN_00684a70	~SMilesConcert	engine/shell	engine	startup+loop	sporadic	5	5	0	0	81	0	
0x684b50	FUN_00684b50	~SMilesConcert	engine/shell	engine	startup+loop	periodic<1/s	48	15	17	16	64	0	
0x684c10	FUN_00684c10	SMilesConcert	engine/shell	engine	startup	0	0	0	0	0	29	4	lifted
0x684c70	FUN_00684c70	SMilesConcert	engine/shell	engine	startup	0	0	0	0	0	3	0	lifted
0x684d30	FUN_00684d30	~SMilesConcert	engine/shell	engine	startup	0	0	0	0	0	67	4	
0x684de0	FUN_00684de0	SMilesConcert	engine/shell	engine	startup	0	0	0	0	0	4	0	lifted
0x684df0	SMilesConcert::StartStreamingPlayback	SMilesConcert	engine/shell	engine	startup+loop	periodic<1/s	3	1	1	1	135	0	lifted
0x684fb0	FUN_00684fb0	~SMilesConcert	engine/shell	engine	startup	0	0	0	0	0	54	0	lifted
0x685070	FUN_00685070	SMilesConcert	engine/shell	engine	startup+loop	periodic<1/s	48	15	17	16	160	16	lifted
0x685520	FUN_00685520	~SMilesConcert	engine/shell	engine	startup+loop	sporadic	10	10	0	0	11	4	lifted
0x685540	FUN_00685540	~SMilesConcert	engine/shell	engine	startup+loop	periodic<1/s	13	11	1	1	10	8	lifted
0x685560	FUN_00685560	~SMilesConcert	engine/shell	engine	startup+loop	>=1/s	1487	495	470	522	15	12	lifted
0x685590	FUN_00685590	~SMilesConcert	engine/shell	engine	startup+loop	periodic<1/s	30	20	5	5	14	12	lifted
0x6855b0	FUN_006855b0	SMilesConcert	engine/shell	engine	startup	0	0	0	0	0	2	0	lifted
0x685810	FUN_00685810	~SMilesConcert	engine/shell	engine	startup+loop	>=20/s	66020	24258	17892	23870	254	4	lifted
0x686220	SMilesConcert::PrecacheSound	SMilesConcert	engine/shell	engine	startup+loop	sporadic	10	10	0	0	274	8	lifted
0x686610	FUN_00686610	~SMilesConcert	engine/shell	engine	startup+loop	periodic<1/s	49	16	16	17	28	4	
0x686670	FUN_00686670	SMilesConcert	engine/shell	engine	startup+loop	periodic<1/s	49	16	16	17	66	4	lifted
0x686780	FUN_00686780	SMilesConcert	engine/shell	engine	startup	0	0	0	0	0	78	0	lifted
0x686890	FUN_00686890	SMilesConcert	engine/shell	engine	startup+loop	>=20/s	33010	12129	8946	11935	50	12	lifted
0x686b20	FUN_00686b20	SMilesConcert	engine/shell	engine	startup+loop	>=1/s	2745	918	901	926	58	8	lifted
0x686bd0	FUN_00686bd0	SMilesConcert	engine/shell	engine	startup+loop	periodic<1/s	48	15	17	16	48	8	lifted
0x686c80	FUN_00686c80	SMilesConcert	engine/shell	engine	startup+loop	>=20/s	83539	28761	22493	32285	64	8	lifted
0x686d60	FUN_00686d60	SMilesConcert	engine/shell	engine	startup+loop	>=1/s	2745	918	901	926	81	12	lifted
0x686e80	FUN_00686e80	SMilesConcert	engine/shell	engine	startup	0	0	0	0	0	207	8	lifted
0x687300	SMilesConcert::SpawnSound	SMilesConcert	engine/shell	engine	startup+loop	periodic<1/s	48	15	17	16	157	8	lifted
0x6874f0	SMilesConcert::StartStreamingPlayback	SMilesConcert	engine/shell	engine	startup	0	0	0	0	0	27	4	lifted
0x6875a0	nofunc_6875a0	?	engine/shell	engine	loop-only	periodic<1/s	3	1	1	1	0	None	lifted
0x6875b2	nofunc_6875b2	?	engine/shell	engine	loop-only	periodic<1/s	3	1	1	1	0	None	
0x6875c0	nofunc_6875c0	?	engine/shell	engine	loop-only	periodic<1/s	3	1	1	1	0	None	
0x6875d0	FUN_006875d0	SMilesConcert	engine/shell	engine	startup+loop	>=20/s	33010	12129	8946	11935	97	4	lifted
0x68770e	Direct3DCreate9	~SMilesConcert	engine/shell	engine	startup	0	0	0	0	0	1	None	
0x687730	FUN_00687730	~SMilesConcert	engine/shell	engine	startup+loop	>=1000/s	12104754	4431909	3283466	4389379	86	0	lifted
0x687a50	FUN_00687a50	~SMilesConcert	engine/shell	engine	startup+loop	>=1000/s	28452993	10415934	7721039	10316020	578	0	lifted
0x688230	FUN_00688230	~SMilesConcert	engine/shell	engine	startup	0	0	0	0	0	111	0	
0x6883a0	FUN_006883a0	~SMilesConcert	engine/shell	engine	startup+loop	>=1000/s	26189658	9591670	7103506	9494482	118	0	lifted
0x6887d0	FUN_006887d0	~SMilesConcert	engine/shell	engine	startup+loop	>=1000/s	19776836	7242360	5366698	7167778	27	4	lifted
0x688870	FUN_00688870	~SMilesConcert	engine/shell	engine	startup+loop	>=1000/s	5328661	1949136	1448274	1931251	18	16	lifted
0x6888f0	FUN_006888f0	~SMilesConcert	engine/shell	engine	startup+loop	>=1000/s	7671868	2797342	2085679	2788847	22	20	lifted
0x688980	FUN_00688980	~SMilesConcert	engine/shell	engine	startup+loop	>=1000/s	14362574	5252548	3899882	5210144	46	8	lifted
0x688aa0	FUN_00688aa0	~SMilesConcert	engine/shell	engine	startup+loop	>=1000/s	12566696	4601643	3408616	4556437	8	8	lifted
0x688ac0	FUN_00688ac0	~SMilesConcert	engine/shell	engine	startup+loop	>=20/s	99030	36387	26838	35805	36	None	lifted
0x688c40	FUN_00688c40	~SMilesConcert	engine/shell	engine	startup+loop	>=1000/s	21913521	8016613	5948223	7948685	15	8	lifted
0x688c70	FUN_00688c70	~SMilesConcert	engine/shell	engine	startup+loop	>=1000/s	21979675	8041036	5966115	7972524	25	16	lifted
0x688cd0	FUN_00688cd0	~SMilesConcert	engine/shell	engine	startup+loop	>=1000/s	904620	328840	250250	325530	23	12	lifted
0x688d20	FUN_00688d20	~SMilesConcert	engine/shell	engine	startup+loop	>=20/s	198060	72774	53676	71610	28	16	lifted
0x688d80	FUN_00688d80	~SMilesConcert	engine/shell	engine	startup+loop	>=1000/s	43460892	15910273	11793288	15757331	24	12	lifted
0x689130	FUN_00689130	~SMilesConcert	engine/shell	engine	startup	0	0	0	0	0	71	0	
0x689340	FUN_00689340	~SMilesConcert	engine/shell	engine	startup	0	0	0	0	0	54	0	
0x6893e0	SViewport::~SViewport	SViewport	engine/shell	engine	startup	0	0	0	0	0	120	0	
0x689710	SViewport::AllocOffscreenBuffers;SViewport::CreateSurface	SViewport	engine/shell	engine	startup	0	0	0	0	0	135	0	
0x689d50	SViewport::ChooseDepthStencilFormat	SViewport	engine/shell	engine	startup	0	0	0	0	0	71	0	
0x689f10	SViewport::Clear	SViewport	engine/shell	engine	startup+loop	>=20/s	66020	24258	17892	23870	39	12	lifted
0x689f80	FUN_00689f80	~SViewport	engine/shell	engine	startup	0	0	0	0	0	757	0	lifted
0x68aa60	FUN_0068aa60	~SViewport	engine/shell	engine	startup	0	0	0	0	0	52	16	
0x68ada0	SViewport::CreateWindowedViewport	SViewport	engine/shell	engine	startup	0	0	0	0	0	229	20	
0x68b730	FUN_0068b730	SViewport	engine/shell	engine	startup	0	0	0	0	0	8	0	
0x68b740	FUN_0068b740	~SViewport	engine/shell	engine	startup+loop	>=1000/s	7068120	2582372	1917973	2567775	23	0	
0x68b7a0	FUN_0068b7a0	~SViewport	engine/shell	engine	startup+loop	>=20/s	99030	36388	26838	35804	23	0	
0x68b850	FUN_0068b850	~SViewport	engine/shell	engine	startup+loop	>=20/s	99030	36388	26838	35804	23	0	
0x68bd80	FUN_0068bd80	~SViewport	engine/shell	engine	startup+loop	>=1000/s	462199	169869	125212	167118	23	0	
0x68be30	FUN_0068be30	SViewport	engine/shell	engine	startup+loop	>=20/s	231069	84903	62622	83544	42	20	lifted
0x68bfe0	SViewport::Present	SViewport	engine/shell	engine	startup+loop	>=20/s	33013	12133	8944	11936	54	0	
0x68c070	FUN_0068c070	~SViewport	engine/shell	engine	startup+loop	>=20/s	33014	12134	8943	11937	73	0	lifted
0x68c220	SViewport::Clear;SViewport::Render	SViewport	engine/shell	engine	startup+loop	>=20/s	33014	12133	8944	11937	193	8	lifted
0x68c4e0	Gepard::ResetDevice;SViewport::Resize	SViewport	engine/shell	engine	startup	0	0	0	0	0	179	8	stub
0x68c770	SViewport::Select	SViewport	engine/shell	engine	startup+loop	>=20/s	66019	24259	17892	23868	113	0	
0x68c990	FUN_0068c990	~SViewport	engine/shell	engine	startup	0	0	0	0	0	45	4	
0x68cfd0	FUN_0068cfd0	SViewport	engine/shell	engine	startup	0	0	0	0	0	55	12	lifted
0x68d160	FUN_0068d160	~SViewport	engine/shell	engine	startup+loop	>=20/s	132059	48535	35776	47748	35	0	lifted
0x68d1e0	FUN_0068d1e0	~SViewport	engine/shell	engine	startup+loop	>=1000/s	6670949	2435743	1811145	2424061	48	4	
0x68d370	FUN_0068d370	SViewport	engine/shell	engine	startup+loop	>=20/s	33014	12134	8943	11937	126	20	lifted
0x68d620	FUN_0068d620	~SViewport	engine/shell	engine	startup+loop	>=20/s	66029	24268	17887	23874	50	0	
0x68d890	FUN_0068d890	~SViewport	engine/shell	engine	startup+loop	>=20/s	66020	24258	17892	23870	7	4	
0x68dda0	FUN_0068dda0	SViewport	engine/shell	engine	startup+loop	>=1000/s	17341896	6143577	4761373	6436946	194	28	lifted
0x68e100	SViewport::Unselect	SViewport	engine/shell	engine	startup+loop	>=20/s	66019	24259	17892	23868	54	0	
0x68e1b0	nofunc_68e1b0	?	engine/shell	engine	startup	0	0	0	0	0	0	None	
0x68e210	FUN_0068e210	~SViewport	engine/shell	engine	startup	0	0	0	0	0	14	0	lifted
0x68e250	FUN_0068e250	~SViewport	engine/shell	engine	startup+loop	sporadic	4	4	0	0	28	4	lifted
0x68e2e0	FUN_0068e2e0	~SViewport	engine/shell	engine	startup	0	0	0	0	0	12	0	
0x68e320	FUN_0068e320	~SViewport	engine/shell	engine	startup	0	0	0	0	0	13	0	
0x68e8d0	FUN_0068e8d0	~SPModel	engine/shell	engine	startup	0	0	0	0	0	22	4	
0x68ea60	FUN_0068ea60	~SPModel	engine/shell	engine	startup	0	0	0	0	0	40	0	lifted
0x68ead0	FUN_0068ead0	~SPModel	engine/shell	engine	startup+loop	sporadic	56	56	0	0	40	0	lifted
0x68eb40	FUN_0068eb40	~SPModel	engine/shell	engine	startup	0	0	0	0	0	2	0	
0x68eb50	FUN_0068eb50	~SPModel	engine/shell	engine	startup+loop	periodic<1/s	158	50	57	51	2	0	
0x691200	FUN_00691200	~SPModel	engine/shell	engine	startup+loop	sporadic	10945	10945	0	0	14	4	
0x691230	FUN_00691230	~SPModel	engine/shell	engine	startup	0	0	0	0	0	13	0	
0x6912a0	FUN_006912a0	~SPModel	engine/shell	engine	startup	0	0	0	0	0	4	0	
0x6912b0	SPModel::Load4DFile	SPModel	engine/shell	engine	startup+loop	sporadic	4	4	0	0	1895	12	lifted
0x692d10	SPAnim::LoadAnimFile	SPAnim	engine/shell	engine	startup	0	0	0	0	0	328	4	lifted
0x693550	SPModel::LoadSequences	SPModel	engine/shell	engine	startup	0	0	0	0	0	733	8	lifted
0x693f40	SPModel::Release	SPModel	engine/shell	engine	startup+loop	periodic<1/s	159	51	51	57	9	0	
0x693f60	FUN_00693f60	~SPModel	engine/shell	engine	startup	0	0	0	0	0	133	0	lifted
0x694170	FUN_00694170	~SPModel	engine/shell	engine	startup	0	0	0	0	0	21	16	lifted
0x6941e0	SPixie::SPixie	SPixie	engine/shell	engine	startup	0	0	0	0	0	9476	0	lifted
0x69ce30	FUN_0069ce30	~SPixie	engine/shell	engine	startup+loop	>=20/s	122015	37496	39019	45500	25	4	
0x69ce80	FUN_0069ce80	~SPixie	engine/shell	engine	startup+loop	sporadic	69	69	0	0	25	4	
0x69ced0	FUN_0069ced0	~SPixie	engine/shell	engine	startup+loop	>=1/s	340	185	80	75	25	4	
0x69cff0	FUN_0069cff0	~SPShockWave	engine/shell	engine	startup+loop	periodic<1/s	225	70	80	75	56	0	
0x69d090	FUN_0069d090	~SPShockWave	engine/shell	engine	startup+loop	sporadic	23	23	0	0	56	0	
0x69d130	FUN_0069d130	~SPShockWave	engine/shell	engine	startup+loop	sporadic	7	7	0	0	56	0	
0x69d1d0	FUN_0069d1d0	SPixie	engine/shell	engine	startup	0	0	0	0	0	2	0	lifted
0x69d230	FUN_0069d230	~SPixie	engine/shell	engine	startup	0	0	0	0	0	39	0	
0x69d4d0	FUN_0069d4d0	~SPixie	engine/shell	engine	startup	0	0	0	0	0	39	0	
0x69d620	FUN_0069d620	~SPixie	engine/shell	engine	startup+loop	sporadic	23	23	0	0	22	4	
0x69d6a0	SPixie::InitEffectPrototype	SPixie	engine/shell	engine	startup+loop	sporadic	23	23	0	0	330	12	lifted
0x69db40	FUN_0069db40	~SPixie	engine/shell	engine	startup+loop	>=1000/s	1467200	531059	400631	535510	53	8	lifted
0x69dc80	SPixie::LoadEffectPrototype	SPixie	engine/shell	engine	startup+loop	sporadic	49	49	0	0	604	20	lifted
0x69e510	FUN_0069e510	SPixie	engine/shell	engine	startup+loop	periodic<1/s	60	19	21	20	51	20	stub
0x69e5a0	SPixie::RefreshEffectPrototype	SPixie	engine/shell	engine	startup+loop	sporadic	7	7	0	0	209	4	lifted
0x69e930	FUN_0069e930	~SPixie	engine/shell	engine	startup+loop	periodic<1/s	229	72	77	80	28	4	
0x69ea50	FUN_0069ea50	~SPixie	engine/shell	engine	startup+loop	>=20/s	33010	12129	8946	11935	254	8	lifted
0x69f2d0	FUN_0069f2d0	SPixie	engine/shell	engine	startup	0	0	0	0	0	29	8	lifted
0x69f370	FUN_0069f370	SPixie	engine/shell	engine	startup	0	0	0	0	0	29	8	lifted
0x69f4e0	FUN_0069f4e0	SPixie	engine/shell	engine	startup+loop	>=20/s	60328	18530	19300	22498	33	12	stub
0x69f540	FUN_0069f540	SPixie	engine/shell	engine	startup	0	0	0	0	0	78	16	lifted
0x69f610	FUN_0069f610	SPixie	engine/shell	engine	startup+loop	periodic<1/s	165	51	59	55	61	16	stub
0x69f6b0	FUN_0069f6b0	SPixie	engine/shell	engine	startup+loop	periodic<1/s	169	55	55	59	38	4	lifted
0x69f710	SPixie::UnregisterEffect	SPixie	engine/shell	engine	startup+loop	periodic<1/s	229	72	77	80	36	4	lifted
0x69f7b0	FUN_0069f7b0	SPixie	engine/shell	engine	startup+loop	>=20/s	33010	12129	8946	11935	161	4	lifted
0x69f9d0	FUN_0069f9d0	~SPixie	engine/shell	engine	startup+loop	>=20/s	5599	1799	1801	1999	32	4	
0x69faf0	FUN_0069faf0	~SPixie	engine/shell	engine	startup	0	0	0	0	0	170	4	lifted
0x6a0800	FUN_006a0800	~SScene	engine/shell	engine	startup+loop	>=1000/s	35068811	12470842	9626379	12971590	24	4	
0x6a0850	FUN_006a0850	~SScene	engine/shell	engine	startup+loop	>=1000/s	1893782	689248	514586	689948	25	4	
0x6a08f0	FUN_006a08f0	~SScene	engine/shell	engine	startup+loop	>=20/s	126950	40548	40734	45668	26	4	
0x6a0940	FUN_006a0940	~SScene	engine/shell	engine	startup+loop	>=1/s	5266	1666	1676	1924	29	4	
0x6a0de0	FUN_006a0de0	~SScene	engine/shell	engine	startup+loop	periodic<1/s	153	45	57	51	56	0	
0x6a0f30	FUN_006a0f30	~SScene	engine/shell	engine	startup+loop	periodic<1/s	36	12	12	12	64	0	
0x6a0fe0	FUN_006a0fe0	~SScene	engine/shell	engine	startup+loop	>=1/s	5266	1666	1676	1924	90	0	
0x6a10c0	FUN_006a10c0	~SScene	engine/shell	engine	startup	0	0	0	0	0	72	0	
0x6a1f70	FUN_006a1f70	SScene	engine/shell	engine	startup	0	0	0	0	0	2	0	lifted
0x6a1f80	FUN_006a1f80	SScene	engine/shell	engine	startup+loop	>=20/s	33010	12129	8946	11935	6	4	lifted
0x6a20f0	FUN_006a20f0	~SScene	engine/shell	engine	startup+loop	>=20/s	33010	12129	8946	11935	37	4	
0x6a2160	FUN_006a2160	~SScene	engine/shell	engine	startup+loop	>=20/s	33010	12129	8946	11935	36	4	
0x6a21d0	FUN_006a21d0	~SScene	engine/shell	engine	startup+loop	>=20/s	33010	12129	8946	11935	39	4	
0x6a2250	FUN_006a2250	~SScene	engine/shell	engine	startup+loop	>=20/s	11198	3598	3602	3998	37	4	
0x6a22c0	FUN_006a22c0	~SScene	engine/shell	engine	startup	0	0	0	0	0	37	4	
0x6a24c0	FUN_006a24c0	~SScene	engine/shell	engine	startup+loop	>=20/s	33010	12129	8946	11935	10	4	lifted
0x6a24f0	FUN_006a24f0	SScene	engine/shell	engine	startup+loop	>=20/s	5599	1799	1801	1999	124	4	stub
0x6a2670	FUN_006a2670	~SScene	engine/shell	engine	startup	0	0	0	0	0	45	0	
0x6a2710	FUN_006a2710	SScene	engine/shell	engine	loop-only	periodic<1/s	36	12	12	12	29	4	stub
0x6a27f0	FUN_006a27f0	~SScene	engine/shell	engine	startup+loop	>=20/s	33010	12129	8946	11935	1154	16	
0x6a3c80	FUN_006a3c80	~SScene	engine/shell	engine	startup+loop	>=20/s	33009	12129	8946	11934	2596	12	
0x6a76f0	FUN_006a76f0	SScene	engine/shell	engine	startup	0	0	0	0	0	48	28	lifted
0x6a7790	FUN_006a7790	SScene	engine/shell	engine	startup+loop	periodic<1/s	36	12	12	12	107	24	stub
0x6a89d0	SScene::CreateModel	SScene	engine/shell	engine	startup+loop	periodic<1/s	153	45	57	51	142	12	lifted
0x6a8bc0	SScene::CreateModel	SScene	engine/shell	engine	startup	0	0	0	0	0	111	8	lifted
0x6a8d50	FUN_006a8d50	SScene	engine/shell	engine	startup	0	0	0	0	0	37	16	lifted
0x6a9dd0	FUN_006a9dd0	SScene	engine/shell	engine	startup	0	0	0	0	0	81	12	lifted
0x6aa320	FUN_006aa320	SScene	engine/shell	engine	loop-only	periodic<1/s	34	6	12	16	68	4	stub
0x6aa9a0	FUN_006aa9a0	SScene	engine/shell	engine	startup	0	0	0	0	0	21	0	stub
0x6aac20	SScene::GenerateShadowBuffer	SScene	engine/shell	engine	startup+loop	>=20/s	33010	12130	8946	11934	879	4	
0x6abda0	FUN_006abda0	~SScene	engine/shell	engine	startup+loop	>=1000/s	35808450	12732479	9833011	13242960	180	8	lifted
0x6ac210	FUN_006ac210	~SScene	engine/shell	engine	startup	0	0	0	0	0	259	0	lifted
0x6ac810	FUN_006ac810	~SScene	engine/shell	engine	loop-only	periodic<1/s	159	51	51	57	28	4	
0x6ac870	FUN_006ac870	~SScene	engine/shell	engine	loop-only	periodic<1/s	34	6	12	16	28	4	
0x6acaf0	FUN_006acaf0	~SScene	engine/shell	engine	startup+loop	>=20/s	33010	12129	8946	11935	231	4	lifted
0x6acf20	FUN_006acf20	~SScene	engine/shell	engine	startup+loop	>=20/s	33010	12129	8946	11935	108	0	stub
0x6ad0e0	FUN_006ad0e0	~SScene	engine/shell	engine	startup+loop	>=20/s	33010	12129	8946	11935	353	4	stub
0x6ad740	FUN_006ad740	~SScene	engine/shell	engine	startup+loop	>=20/s	33010	12129	8946	11935	2178	4	stub
0x6b02a0	FUN_006b02a0	~SScene	engine/shell	engine	startup+loop	>=20/s	33010	12129	8946	11935	136	8	lifted
0x6b04d0	FUN_006b04d0	~SScene	engine/shell	engine	startup+loop	>=20/s	33010	12129	8946	11935	254	4	stub
0x6b0920	FUN_006b0920	~SScene	engine/shell	engine	startup+loop	>=20/s	33010	12129	8946	11935	6170	4	stub
0x6b7920	FUN_006b7920	~SScene	engine/shell	engine	startup+loop	>=20/s	33010	12129	8946	11935	116	8	stub
0x6b7b30	SScene::RenderSmokeTrails	SScene	engine/shell	engine	startup+loop	>=20/s	33010	12129	8946	11935	729	4	stub
0x6b8b10	SScene::RenderWires	SScene	engine/shell	engine	startup+loop	>=20/s	66020	24258	17892	23870	1588	8	stub
0x6ba8f0	FUN_006ba8f0	~SScene	engine/shell	engine	startup+loop	>=20/s	66020	24258	17892	23870	20	0	
0x6ba970	FUN_006ba970	SScene	engine/shell	engine	startup+loop	>=20/s	5599	1799	1801	1999	53	4	lifted
0x6baa80	FUN_006baa80	SScene	engine/shell	engine	startup	0	0	0	0	0	5	None	lifted
0x6baa90	FUN_006baa90	SScene	engine/shell	engine	startup+loop	>=20/s	5599	1799	1801	1999	37	24	lifted
0x6bab40	FUN_006bab40	SScene	engine/shell	engine	startup+loop	>=20/s	33010	12129	8946	11935	6	8	lifted
0x6bab60	SScene::SetLightColor	SScene	engine/shell	engine	startup+loop	>=20/s	66020	24258	17892	23870	34	20	lifted
0x6baed0	FUN_006baed0	SScene	engine/shell	engine	startup+loop	>=20/s	33010	12129	8946	11935	6	4	lifted
0x6baef0	FUN_006baef0	SScene	engine/shell	engine	startup+loop	>=20/s	5599	1799	1801	1999	161	12	lifted
0x6bb320	FUN_006bb320	SScene	engine/shell	engine	startup+loop	>=20/s	31750	10178	10218	11354	227	16	stub
0x6bbbc0	FUN_006bbbc0	~SScene	engine/shell	engine	startup	0	0	0	0	0	2	0	
0x6bbbd0	FUN_006bbbd0	~SScene	engine/shell	engine	loop-only	periodic<1/s	159	51	51	57	16	4	
0x6bbc40	FUN_006bbc40	~SScene	engine/shell	engine	startup+loop	>=20/s	33010	12130	8945	11935	32	4	lifted
0x6bbcb0	FUN_006bbcb0	~SScene	engine/shell	engine	startup+loop	>=20/s	33010	12130	8946	11934	231	8	lifted
0x6c0e50	SSurfaceBitmap::SSurfaceBitmap	SSurfaceBitmap	engine/shell	engine	startup+loop	>=1/s	1420	461	456	503	69	4	
0x6c0f20	STextureBitmap::STextureBitmap	STextureBitmap	engine/shell	engine	startup+loop	periodic<1/s	66	54	6	6	75	8	
0x6c1030	FUN_006c1030	~STextureBitmap	engine/shell	engine	startup+loop	>=1/s	1420	461	456	503	27	0	
0x6c1080	FUN_006c1080	~STextureBitmap	engine/shell	engine	startup+loop	periodic<1/s	66	54	6	6	28	0	
0x6c10d0	FUN_006c10d0	~STextureBitmap	engine/shell	engine	startup+loop	>=1/s	1493	521	462	510	133	0	
0x6c1320	FUN_006c1320	~STextureBitmap	engine/shell	engine	startup+loop	periodic<1/s	8	6	1	1	116	0	
0x6c2500	SBoard::SBoard;SBoard::SetHardwareMouseCursor	SBoard	engine/shell	engine	startup	0	0	0	0	0	163	8	lifted
0x6c27f0	FUN_006c27f0	~SBoard	engine/shell	engine	startup+loop	>=1000/s	968813	355788	264045	348980	35	4	
0x6c2ac0	FUN_006c2ac0	~SBoard	engine/shell	engine	startup+loop	>=1000/s	1079874	394750	292748	392376	26	4	
0x6c2b10	FUN_006c2b10	~SBoard	engine/shell	engine	startup+loop	>=1000/s	13530724	4884786	3673526	4972412	26	4	
0x6c2c40	FUN_006c2c40	~SBoard	engine/shell	engine	startup	0	0	0	0	0	64	0	
0x6c2d00	FUN_006c2d00	~SBoard	engine/shell	engine	startup+loop	>=1/s	1068	319	393	356	64	0	
0x6c2ef0	FUN_006c2ef0	SBoard	engine/shell	engine	startup	0	0	0	0	0	2	0	
0x6c2f00	FUN_006c2f00	~SBoard	engine/shell	engine	startup+loop	>=1000/s	418597	151788	113492	153317	30	4	
0x6c2f60	FUN_006c2f60	SBoard	engine/shell	engine	startup+loop	>=20/s	33010	12129	8946	11935	6	4	
0x6c3ab0	SBoard::CreateFrame	SBoard	engine/shell	engine	startup+loop	>=1/s	1068	319	393	356	237	24	
0x6c4c50	SBoard::DestroyFrame	SBoard	engine/shell	engine	startup+loop	>=1/s	1105	356	356	393	227	4	
0x6c5370	FUN_006c5370	SBoard	engine/shell	engine	startup	0	0	0	0	0	38	12	
0x6c53f0	FUN_006c53f0	SBoard	engine/shell	engine	startup	0	0	0	0	0	20	0	
0x6c5530	SBoard::GetTextExtent;SBoard::SetText	SBoard	engine/shell	engine	startup+loop	periodic<1/s	57	17	21	19	261	20	
0x6c59e0	SBoard::LoadCursorSet	SBoard	engine/shell	engine	startup	0	0	0	0	0	77	16	lifted
0x6c5ad0	SBoard::LoadCustomFont	SBoard	engine/shell	engine	startup	0	0	0	0	0	194	12	
0x6c5de0	SBoard::LoadFixedFont	SBoard	engine/shell	engine	startup	0	0	0	0	0	229	24	
0x6c61a0	SBoard::LoadFontFileFont	SBoard	engine/shell	engine	startup	0	0	0	0	0	272	4	lifted
0x6c6cf0	SBoard::LoadSingleFont	SBoard	engine/shell	engine	startup	0	0	0	0	0	152	4	
0x6c6f30	FUN_006c6f30	SBoard	engine/shell	engine	startup+loop	>=1000/s	417870	151523	113285	153062	35	12	
0x6c6fd0	FUN_006c6fd0	SBoard	engine/shell	engine	startup+loop	>=1000/s	419400	152047	113751	153602	47	4	
0x6c7060	FUN_006c7060	~SBoard	engine/shell	engine	startup	0	0	0	0	0	41	4	
0x6c70f0	FUN_006c70f0	~SBoard	engine/shell	engine	startup+loop	>=1/s	1105	356	356	393	28	4	
0x6c7150	BSMaterial::SetTexture	BSMaterial	engine/shell	engine	startup+loop	>=20/s	33013	12133	8944	11936	2490	0	
0x6ca4e0	FUN_006ca4e0	SBoard	engine/shell	engine	startup+loop	>=1/s	1419	461	455	503	190	0	
0x6ca760	FUN_006ca760	SBoard	engine/shell	engine	startup	0	0	0	0	0	210	12	
0x6caae0	FUN_006caae0	SBoard	engine/shell	engine	startup+loop	>=20/s	33014	12133	8944	11937	40	16	
0x6cab60	SBoard::SetHardwareMouseCursor	SBoard	engine/shell	engine	startup	0	0	0	0	0	37	4	
0x6caf00	SBoard::SetSpriteGlyph	SBoard	engine/shell	engine	startup+loop	>=1000/s	418540	151771	113471	153298	133	12	
0x6cb0c0	FUN_006cb0c0	SBoard	engine/shell	engine	startup	0	0	0	0	0	35	12	
0x6cb130	SBoard::SetText	SBoard	engine/shell	engine	startup+loop	periodic<1/s	57	17	21	19	518	20	
0x6cb730	SBoard::SetTextColor	SBoard	engine/shell	engine	startup	0	0	0	0	0	44	8	
0x6cb850	FUN_006cb850	SBoard	engine/shell	engine	startup+loop	>=1000/s	7892704	2829790	2144587	2918327	16	8	
0x6cbd50	FUN_006cbd50	~SBoard	engine/shell	engine	startup+loop	sporadic	35	35	0	0	22	0	lifted
0x6cbe00	FUN_006cbe00	~SBoard	engine/shell	engine	startup+loop	>=1000/s	14083521	5157905	3821004	5104612	941	8	lifted
0x6cc9a0	FUN_006cc9a0	~SBoard	engine/shell	engine	startup+loop	>=1000/s	14083521	5157905	3821032	5104584	2	0	
0x6cc9b0	SMaterial::GetTexture	SMaterial	engine/shell	engine	startup+loop	>=1000/s	18512887	6757503	5022435	6732949	12	4	
0x6ccae0	FUN_006ccae0	~SMaterial	engine/shell	engine	startup+loop	>=1000/s	14083521	5157905	3821034	5104582	8	4	
0x6ccb20	FUN_006ccb20	~SMaterial	engine/shell	engine	startup+loop	>=1000/s	14630013	5357235	3970095	5302683	103	12	lifted
0x6cccc0	FUN_006cccc0	~SMaterial	engine/shell	engine	startup+loop	sporadic	35	35	0	0	22	8	lifted
0x6ccd00	FUN_006ccd00	~SMaterial	engine/shell	engine	startup+loop	sporadic	35	35	0	0	17	0	lifted
0x6ccd70	FUN_006ccd70	~SMaterial	engine/shell	engine	startup+loop	sporadic	35	35	0	0	12	0	
0x6ccdc0	SMesh::~SMesh	SMesh	engine/shell	engine	startup	0	0	0	0	0	76	0	lifted
0x6ccee0	FUN_006ccee0	~SMesh	engine/shell	engine	startup	0	0	0	0	0	22	4	
0x6ccfd0	FUN_006ccfd0	SMesh	engine/shell	engine	startup	0	0	0	0	0	15	4	
0x6cd000	FUN_006cd000	~SMesh	engine/shell	engine	startup+loop	sporadic	105	105	0	0	40	0	
0x6cd070	SMesh::CreateIndexBuffer	SMesh	engine/shell	engine	startup+loop	sporadic	35	35	0	0	51	4	lifted
0x6cd0f0	FUN_006cd0f0	~SMesh	engine/shell	engine	startup+loop	sporadic	35	35	0	0	85	4	lifted
0x6cd1f0	SMesh::CreateVertexBuffer	SMesh	engine/shell	engine	startup+loop	sporadic	35	35	0	0	51	8	lifted
0x6cd290	SMesh::CreateVertexBuffer	SMesh	engine/shell	engine	startup+loop	sporadic	35	35	0	0	388	4	lifted
0x6cd890	SMesh::Draw	SMesh	engine/shell	engine	startup+loop	>=1000/s	13471009	4934317	3654021	4882671	119	4	lifted
0x6cda70	FUN_006cda70	~SMesh	engine/shell	engine	startup+loop	>=1000/s	546492	199330	149091	198071	74	4	lifted
0x6cdb70	SMesh::Draw;SMesh::DrawShadow	SMesh	engine/shell	engine	startup+loop	>=1000/s	6670949	2435743	1811145	2424061	389	4	lifted
0x6ce170	FUN_006ce170	~SMesh	engine/shell	engine	startup+loop	>=1000/s	546492	199330	149091	198071	343	4	
0x6ce6a0	SMesh::Draw	SMesh	engine/shell	engine	startup+loop	>=1000/s	792240	291096	214704	286440	67	0	lifted
0x6ce790	SMesh::GetFaces	SMesh	engine/shell	engine	startup	0	0	0	0	0	165	8	
0x6ce990	FUN_006ce990	~SMesh	engine/shell	engine	startup	0	0	0	0	0	2	0	
0x6ce9a0	FUN_006ce9a0	~SMesh	engine/shell	engine	startup	0	0	0	0	0	12	0	
0x6ce9c0	FUN_006ce9c0	~SMesh	engine/shell	engine	startup+loop	sporadic	35	35	0	0	12	0	lifted
0x6cea30	FUN_006cea30	~SMesh	engine/shell	engine	startup+loop	sporadic	35	35	0	0	9	0	lifted
0x6cea50	FUN_006cea50	~SMesh	engine/shell	engine	startup+loop	sporadic	35	35	0	0	9	0	lifted
0x6d0c30	FUN_006d0c30	~SAnimesh	engine/shell	engine	startup	0	0	0	0	0	15	0	lifted
0x6d0d30	SSkinnedMesh::CreateVertexBuffer	SSkinnedMesh	engine/shell	engine	startup	0	0	0	0	0	66	8	lifted
0x6d0e30	SMesh::Draw	SSkinnedMesh	engine/shell	engine	startup+loop	>=1000/s	546492	199330	149091	198071	1189	12	lifted
0x6d2200	SMesh::Draw	SSkinnedMesh	engine/shell	engine	startup+loop	>=1000/s	546492	199330	149091	198071	1070	12	lifted
0x6d33d0	FUN_006d33d0	SSkinnedMesh	engine/shell	engine	startup	0	0	0	0	0	18	0	lifted
0x6d3400	FUN_006d3400	SSkinnedMesh	engine/shell	engine	startup	0	0	0	0	0	12	0	lifted
0x6d3490	FUN_006d3490	~SSkinnedMesh	engine/shell	engine	startup	0	0	0	0	0	21	0	
0x6d37b0	SCollisionBSPTree::Load	SCollisionBSPTree	engine/shell	engine	startup	0	0	0	0	0	121	4	lifted
0x6d3c00	FUN_006d3c00	SCollisionBSPTree	engine/shell	engine	startup	0	0	0	0	0	46	8	
0x6d3c90	FUN_006d3c90	SCollisionSphere	engine/shell	engine	startup	0	0	0	0	0	111	8	
0x6d3e40	FUN_006d3e40	~SCollisionSphere	engine/shell	engine	startup	0	0	0	0	0	214	32	
0x6d4a60	FUN_006d4a60	~SCollisionSphere	engine/shell	engine	startup+loop	periodic<1/s	225	70	80	75	5	0	
0x6d4ae0	FUN_006d4ae0	~SCollisionSphere	engine/shell	engine	startup+loop	periodic<1/s	153	45	57	51	162	20	lifted
0x6d4e40	FUN_006d4e40	~SCollisionSphere	engine/shell	engine	startup+loop	>=1/s	3060	906	1134	1020	42	0	
0x6d4f30	FUN_006d4f30	~SCollisionSphere	engine/shell	engine	startup+loop	>=1000/s	867608	318118	236322	313168	51	12	
0x6d5000	FUN_006d5000	~SCollisionSphere	engine/shell	engine	startup+loop	>=1000/s	1062810	390103	288645	384062	17	0	
0x6d5070	FUN_006d5070	~SCollisionSphere	engine/shell	engine	startup+loop	periodic<1/s	229	72	77	80	25	0	
0x6d50c0	SModel::~SModel	SModel	engine/shell	engine	loop-only	periodic<1/s	159	51	51	57	153	0	
0x6d5300	FUN_006d5300	~SModel	engine/shell	engine	loop-only	>=1/s	3174	1020	1020	1134	13	0	
0x6d5380	FUN_006d5380	~SModel	engine/shell	engine	startup+loop	>=1000/s	1056320	388160	286272	381888	58	8	
0x6d562d	FUN_006d562d	SModel	engine/shell	engine	loop-only	periodic<1/s	159	51	51	57	2	None	
0x6d5780	FUN_006d5780	~SAttachable	engine/shell	engine	loop-only	periodic<1/s	159	51	51	57	15	4	
0x6d57b0	FUN_006d57b0	~SAttachable	engine/shell	engine	startup+loop	>=1/s	288	87	105	96	40	0	
0x6d5890	FUN_006d5890	~SAttachable	engine/shell	engine	startup	0	0	0	0	0	46	0	
0x6d5910	FUN_006d5910	SModel	engine/shell	engine	startup+loop	periodic<1/s	67	17	25	25	18	8	
0x6d5940	SModel::AttachChild	SModel	engine/shell	engine	startup+loop	>=1/s	288	87	105	96	49	8	
0x6d5ca0	FUN_006d5ca0	SModel	engine/shell	engine	startup	0	0	0	0	0	366	8	
0x6d6f40	FUN_006d6f40	SModel	engine/shell	engine	startup	0	0	0	0	0	139	24	lifted
0x6d7150	FUN_006d7150	SModel	engine/shell	engine	startup	0	0	0	0	0	118	16	
0x6d7340	SModel::DetachChild	SModel	engine/shell	engine	startup+loop	periodic<1/s	102	33	34	35	55	8	
0x6d78c0	FUN_006d78c0	SModel	engine/shell	engine	startup+loop	>=20/s	149660	47301	48322	54037	9	0	
0x6d7910	FUN_006d7910	SModel	engine/shell	engine	startup+loop	>=1000/s	1893340	689036	514530	689774	2	0	
0x6d7950	FUN_006d7950	SModel	engine/shell	engine	startup+loop	>=1000/s	1021169	372785	276518	371866	46	4	lifted
0x6d7a20	FUN_006d7a20	~SModel	engine/shell	engine	startup+loop	>=1000/s	1923928	706278	522593	695057	93	4	lifted
0x6d7b90	FUN_006d7b90	SModel	engine/shell	engine	startup+loop	>=1/s	3606	1094	1310	1202	52	4	lifted
0x6d7c60	FUN_006d7c60	SModel	engine/shell	engine	startup+loop	>=20/s	62956	18759	19259	24938	51	8	
0x6d7d30	FUN_006d7d30	SModel	engine/shell	engine	startup+loop	>=20/s	8954	2852	2854	3248	18	8	
0x6d7d70	FUN_006d7d70	SModel	engine/shell	engine	startup+loop	>=20/s	29304	8666	9503	11135	25	12	
0x6d7eb0	FUN_006d7eb0	SModel	engine/shell	engine	startup+loop	>=1000/s	11741139	4311089	3182599	4247451	11	4	lifted
0x6d7f30	FUN_006d7f30	SModel	engine/shell	engine	startup+loop	>=1/s	982	352	306	324	21	4	
0x6d7f70	SModel::GetSequenceIndex	SModel	engine/shell	engine	startup+loop	>=20/s	7325	2434	2451	2440	58	4	lifted
0x6d8010	FUN_006d8010	SModel	engine/shell	engine	loop-only	sporadic	16	16	0	0	21	4	
0x6d8090	FUN_006d8090	SModel	engine/shell	engine	startup	0	0	0	0	0	135	8	
0x6d82b0	SModel::Initialize	SModel	engine/shell	engine	startup+loop	periodic<1/s	153	45	57	51	176	8	lifted
0x6d85e0	FUN_006d85e0	~SModel	engine/shell	engine	startup+loop	>=1000/s	3994210	1467609	1082466	1444135	60	8	
0x6d86d0	FUN_006d86d0	SModel	engine/shell	engine	startup+loop	>=1000/s	7956001	2919025	2157990	2878986	2	0	lifted
0x6d86e0	FUN_006d86e0	~SModel	engine/shell	engine	loop-only	periodic<1/s	67	21	21	25	1	0	lifted
0x6d86f0	FUN_006d86f0	~SModel	engine/shell	engine	startup+loop	periodic<1/s	134	38	46	50	1	4	lifted
0x6d8790	FUN_006d8790	SModel	engine/shell	engine	loop-only	periodic<1/s	159	51	51	57	7	0	lifted
0x6d87b0	FUN_006d87b0	~SModel	engine/shell	engine	startup+loop	periodic<1/s	102	33	34	35	41	4	
0x6d8830	SModel::Render	SModel	engine/shell	engine	startup+loop	>=1000/s	7707222	2830097	2089604	2787521	798	4	lifted
0x6d9570	SModel::RenderShadow	SModel	engine/shell	engine	startup+loop	>=1000/s	7707222	2830097	2089604	2787521	457	4	
0x6da0c0	FUN_006da0c0	~SModel	engine/shell	engine	startup+loop	>=20/s	172206	56877	47789	67540	13	0	
0x6da0f0	FUN_006da0f0	SModel	engine/shell	engine	startup+loop	>=20/s	239786	75786	77168	86832	68	0	lifted
0x6da200	FUN_006da200	SModel	engine/shell	engine	startup+loop	>=20/s	6327	2066	2145	2116	45	8	lifted
0x6da2c0	FUN_006da2c0	SModel	engine/shell	engine	startup+loop	>=20/s	130366	45452	35126	49788	8	8	
0x6da2e0	FUN_006da2e0	SModel	engine/shell	engine	startup+loop	>=1/s	680	205	235	240	12	4	lifted
0x6da310	FUN_006da310	SModel	engine/shell	engine	startup+loop	>=20/s	129899	45302	34976	49621	8	8	
0x6da330	FUN_006da330	SModel	engine/shell	engine	startup+loop	>=20/s	23076	6198	7116	9762	99	24	
0x6da4d0	FUN_006da4d0	SModel	engine/shell	engine	startup+loop	>=20/s	157985	50241	50815	56929	158	28	
0x6da7a0	FUN_006da7a0	SModel	engine/shell	engine	startup+loop	>=20/s	31714	10166	10206	11342	25	12	
0x6da810	FUN_006da810	SModel	engine/shell	engine	startup+loop	>=20/s	126856	40664	40824	45368	30	16	
0x6da8a0	FUN_006da8a0	SModel	engine/shell	engine	startup	0	0	0	0	0	14	8	lifted
0x6da8d0	FUN_006da8d0	SModel	engine/shell	engine	startup+loop	>=20/s	232965	73618	74955	84392	15	12	lifted
0x6da920	FUN_006da920	SModel	engine/shell	engine	loop-only	>=20/s	27546	10096	8720	8730	21	4	lifted
0x6da960	FUN_006da960	SModel	engine/shell	engine	startup+loop	>=20/s	144171	45520	46461	52190	36	4	lifted
0x6daab0	FUN_006daab0	SModel	engine/shell	engine	startup+loop	>=20/s	233308	73720	75068	84520	135	12	lifted
0x6dad40	FUN_006dad40	SModel	engine/shell	engine	startup	0	0	0	0	0	6	4	
0x6dad80	FUN_006dad80	SModel	engine/shell	engine	startup+loop	periodic<1/s	225	66	84	75	24	4	
0x6dade0	FUN_006dade0	SModel	engine/shell	engine	startup	0	0	0	0	0	10	12	lifted
0x6dae20	FUN_006dae20	~SModel	engine/shell	engine	startup+loop	>=1000/s	716519	252488	202835	261196	118	28	lifted
0x6dafd0	FUN_006dafd0	SModel	engine/shell	engine	startup+loop	>=20/s	233125	73620	75055	84450	189	8	lifted
0x6db2a0	FUN_006db2a0	SModel	engine/shell	engine	startup+loop	>=20/s	5599	1799	1801	1999	174	12	lifted
0x6db550	FUN_006db550	SModel	engine/shell	engine	startup	0	0	0	0	0	171	8	
0x6dba80	SModel::Update	SModel	engine/shell	engine	startup+loop	>=1000/s	4967392	1823543	1347081	1796768	640	8	lifted
0x6dc4f0	FUN_006dc4f0	~SModel	engine/shell	engine	startup+loop	>=1000/s	4967417	1823402	1347090	1796925	163	0	lifted
0x6dc7b0	FUN_006dc7b0	~SModel	engine/shell	engine	startup+loop	>=1000/s	2131907	775136	581243	775528	1585	12	lifted
0x6de530	FUN_006de530	~SModel	engine/shell	engine	startup+loop	periodic<1/s	225	70	80	75	20	4	lifted
0x6de5a0	FUN_006de5a0	~SModel	engine/shell	engine	startup+loop	sporadic	23	23	0	0	11	0	lifted
0x6de5d0	FUN_006de5d0	~SModel	engine/shell	engine	startup+loop	periodic<1/s	229	72	77	80	21	0	
0x6de690	FUN_006de690	~SEffect	engine/shell	engine	startup+loop	>=1/s	352	111	121	120	6	4	lifted
0x6de6d0	FUN_006de6d0	~SEffect	engine/shell	engine	startup+loop	>=20/s	83490	28746	22476	32268	42	4	lifted
0x6de770	FUN_006de770	~SEffect	engine/shell	engine	startup+loop	periodic<1/s	225	70	80	75	8	8	
0x6de790	FUN_006de790	~SEffect	engine/shell	engine	startup+loop	periodic<1/s	225	70	80	75	6	4	
0x6de7a0	FUN_006de7a0	~SEffect	engine/shell	engine	startup+loop	>=1000/s	474677	167897	131019	175761	9	4	lifted
0x6de7d0	FUN_006de7d0	~SEffect	engine/shell	engine	startup+loop	>=20/s	45698	14104	14673	16921	1	8	lifted
0x6de7e0	FUN_006de7e0	~SEffect	engine/shell	engine	startup+loop	>=1000/s	670063	239558	183736	246769	6	4	lifted
0x6de810	FUN_006de810	~SEffect	engine/shell	engine	startup+loop	>=1000/s	670169	239607	183772	246790	58	8	lifted
0x6de8c0	FUN_006de8c0	~SEffect	engine/shell	engine	startup+loop	periodic<1/s	225	70	80	75	123	20	lifted
0x6dea70	FUN_006dea70	~SEffect	engine/shell	engine	startup+loop	sporadic	7	7	0	0	22	0	lifted
0x6deaf0	FUN_006deaf0	~SEffect	engine/shell	engine	startup+loop	periodic<1/s	229	72	77	80	91	0	lifted
0x6ded00	FUN_006ded00	SEffectSet	engine/shell	engine	startup+loop	periodic<1/s	229	72	77	80	15	4	
0x6ded30	FUN_006ded30	~SEffectSet	engine/shell	engine	startup+loop	periodic<1/s	225	70	80	75	56	0	
0x6dedd0	FUN_006dedd0	~SEffectSet	engine/shell	engine	startup+loop	sporadic	42	42	0	0	2	0	
0x6dede0	FUN_006dede0	~SEffectSet	engine/shell	engine	startup+loop	periodic<1/s	225	70	80	75	45	16	lifted
0x6dee60	FUN_006dee60	~SEffectSet	engine/shell	engine	startup+loop	>=1000/s	520527	186540	143368	190619	46	4	lifted
0x6deef0	FUN_006deef0	~SEffectSet	engine/shell	engine	startup+loop	periodic<1/s	229	72	77	80	2	0	
0x6def70	thunk_FUN_006df620	SEffectSet	engine/shell	engine	loop-only	periodic<1/s	127	41	41	45	1	None	
0x6def80	FUN_006def80	SEffectSet	engine/shell	engine	startup+loop	>=1/s	352	111	121	120	47	4	lifted
0x6df030	FUN_006df030	~SEffectSet	engine/shell	engine	startup+loop	periodic<1/s	229	72	77	80	28	4	
0x6df090	FUN_006df090	SEffectSet	engine/shell	engine	startup+loop	>=1000/s	1811748	645783	497403	668562	61	8	lifted
0x6df240	FUN_006df240	SEffectSet	engine/shell	engine	startup	0	0	0	0	0	48	4	lifted
0x6df2c0	FUN_006df2c0	~SEffectSet	engine/shell	engine	startup+loop	periodic<1/s	225	70	80	75	47	4	lifted
0x6df340	FUN_006df340	SEffectSet	engine/shell	engine	startup	0	0	0	0	0	48	4	lifted
0x6df3c0	FUN_006df3c0	~SEffectSet	engine/shell	engine	startup+loop	sporadic	7	7	0	0	6	4	
0x6df3d0	FUN_006df3d0	~SEffectSet	engine/shell	engine	startup+loop	>=1/s	334	106	114	114	6	4	
0x6df470	FUN_006df470	SEffectSet	engine/shell	engine	startup+loop	>=20/s	60328	18530	19300	22498	49	8	lifted
0x6df510	FUN_006df510	SEffectSet	engine/shell	engine	startup+loop	>=1000/s	604043	215300	165844	222899	47	4	lifted
0x6df620	FUN_006df620	~SEffectSet	engine/shell	engine	startup+loop	>=1/s	296	96	96	104	39	0	lifted
0x6df690	SEffectSet::UnregisterEffect	SEffectSet	engine/shell	engine	startup+loop	periodic<1/s	229	72	77	80	17	None	lifted
0x6df6d0	FUN_006df6d0	SEffectSet	engine/shell	engine	startup+loop	>=1000/s	1053976	375922	290000	388054	81	8	lifted
0x6e08b0	FUN_006e08b0	~SFlare	engine/shell	engine	startup+loop	sporadic	15	15	0	0	33	0	lifted
0x6e0980	FUN_006e0980	~SFlare	engine/shell	engine	startup+loop	periodic<1/s	186	58	66	62	286	12	lifted
0x6e1230	FUN_006e1230	~SFlare	engine/shell	engine	startup+loop	periodic<1/s	189	59	64	66	109	0	lifted
0x6e13e0	FUN_006e13e0	~SFlare	engine/shell	engine	startup+loop	>=20/s	113050	35310	36453	41287	23	4	
0x6e1460	FUN_006e1460	SParticles	engine/shell	engine	startup+loop	periodic<1/s	189	59	64	66	15	4	
0x6e1490	FUN_006e1490	~SParticles	engine/shell	engine	startup+loop	>=1000/s	586451	210769	161227	214455	72	0	lifted
0x6e1890	FUN_006e1890	~SParticles	engine/shell	engine	startup+loop	>=1000/s	462740	167555	126671	168514	220	0	lifted
0x6e21a0	FUN_006e21a0	~SParticles	engine/shell	engine	startup+loop	>=1000/s	494223	178885	136171	179167	42	0	lifted
0x6e2250	FUN_006e2250	~SParticles	engine/shell	engine	startup+loop	>=20/s	64099	20334	20721	23044	852	24	lifted
0x6e32d0	FUN_006e32d0	~SParticles	engine/shell	engine	startup+loop	>=1000/s	16352712	5783240	4492946	6076526	95	16	lifted
0x6e3440	FUN_006e3440	~SParticles	engine/shell	engine	startup+loop	>=1000/s	582116	209203	159934	212979	185	4	lifted
0x6e3830	FUN_006e3830	SPParticles	engine/shell	engine	startup+loop	periodic<1/s	186	58	66	62	47	8	lifted
0x6e38c0	FUN_006e38c0	~SPParticles	engine/shell	engine	startup+loop	>=20/s	33010	12129	8946	11935	342	4	lifted
0x6e3e90	SGepard::GetCosinusValue	SGepard	engine/shell	engine	startup+loop	>=20/s	33010	12129	8946	11935	439	4	lifted
0x6e4740	nofunc_6e4740	?	engine/shell	engine	startup+loop	>=1000/s	454411	162253	125443	166715	0	None	
0x6e4778	nofunc_6e4778	?	engine/shell	engine	startup+loop	>=1000/s	416874	148488	115138	153248	0	None	
0x6e478c	nofunc_6e478c	?	engine/shell	engine	startup+loop	>=1000/s	416874	148488	115138	153248	0	None	
0x6e47a5	nofunc_6e47a5	?	engine/shell	engine	startup+loop	>=1000/s	416874	148488	115138	153248	0	None	
0x6e47b7	nofunc_6e47b7	?	engine/shell	engine	startup+loop	>=1000/s	416874	148488	115138	153248	0	None	
0x6e47c0	nofunc_6e47c0	?	engine/shell	engine	startup+loop	>=1000/s	15935451	5634569	4377785	5923097	0	None	
0x6e47c8	nofunc_6e47c8	?	engine/shell	engine	startup+loop	>=1000/s	16352712	5783240	4492946	6076526	0	None	
0x6e47d4	nofunc_6e47d4	?	engine/shell	engine	startup+loop	>=1000/s	16352712	5783240	4492946	6076526	0	None	
0x6e4808	nofunc_6e4808	?	engine/shell	engine	startup+loop	>=1000/s	16352712	5783240	4492946	6076526	0	None	
0x6e4819	nofunc_6e4819	?	engine/shell	engine	startup+loop	>=1000/s	16352712	5783240	4492946	6076526	0	None	
0x6e4853	nofunc_6e4853	?	engine/shell	engine	startup+loop	>=1000/s	16352712	5783240	4492946	6076526	0	None	
0x6e4862	nofunc_6e4862	?	engine/shell	engine	startup+loop	>=1000/s	14368079	5071834	3943015	5353230	0	None	
0x6e486b	nofunc_6e486b	?	engine/shell	engine	startup+loop	>=1000/s	14368079	5071834	3943015	5353230	0	None	
0x6e48c4	nofunc_6e48c4	?	engine/shell	engine	startup+loop	>=1000/s	1984604	711391	549965	723248	0	None	
0x6e48d0	nofunc_6e48d0	?	engine/shell	engine	startup+loop	>=1000/s	1984604	711391	549965	723248	0	None	
0x6e4937	nofunc_6e4937	?	engine/shell	engine	startup+loop	>=1000/s	1984604	711391	549965	723248	0	None	
0x6e4952	nofunc_6e4952	?	engine/shell	engine	startup+loop	>=1000/s	1984604	711391	549965	723248	0	None	
0x6e495e	nofunc_6e495e	?	engine/shell	engine	startup+loop	>=1000/s	1984604	711391	549965	723248	0	None	
0x6e4970	nofunc_6e4970	?	engine/shell	engine	startup+loop	>=1000/s	1984604	711391	549965	723248	0	None	
0x6e4998	nofunc_6e4998	?	engine/shell	engine	startup+loop	>=1000/s	1984604	711391	549965	723248	0	None	
0x6e49a4	nofunc_6e49a4	?	engine/shell	engine	startup+loop	>=1000/s	1984604	711391	549965	723248	0	None	
0x6e49b0	nofunc_6e49b0	?	engine/shell	engine	startup+loop	>=1000/s	1984604	711391	549965	723248	0	None	
0x6e49df	nofunc_6e49df	?	engine/shell	engine	startup+loop	>=1000/s	1984604	711391	549965	723248	0	None	
0x6e49eb	nofunc_6e49eb	?	engine/shell	engine	startup+loop	>=1000/s	1984604	711391	549965	723248	0	None	
0x6e49f7	nofunc_6e49f7	?	engine/shell	engine	startup+loop	>=1000/s	1984604	711391	549965	723248	0	None	
0x6e4a1a	nofunc_6e4a1a	?	engine/shell	engine	startup+loop	>=1000/s	1984604	711391	549965	723248	0	None	
0x6e4a26	nofunc_6e4a26	?	engine/shell	engine	startup+loop	>=1000/s	1984604	711391	549965	723248	0	None	
0x6e4a32	nofunc_6e4a32	?	engine/shell	engine	startup+loop	>=1000/s	1984604	711391	549965	723248	0	None	
0x6e4a5c	nofunc_6e4a5c	?	engine/shell	engine	startup+loop	>=1000/s	1984604	711391	549965	723248	0	None	
0x6e4a68	nofunc_6e4a68	?	engine/shell	engine	startup+loop	>=1000/s	1984604	711391	549965	723248	0	None	
0x6e4a74	nofunc_6e4a74	?	engine/shell	engine	startup+loop	>=1000/s	1984604	711391	549965	723248	0	None	
0x6e4a94	nofunc_6e4a94	?	engine/shell	engine	startup+loop	>=1000/s	1984604	711391	549965	723248	0	None	
0x6e4aa0	nofunc_6e4aa0	?	engine/shell	engine	startup+loop	>=1000/s	1984604	711391	549965	723248	0	None	
0x6e4aac	nofunc_6e4aac	?	engine/shell	engine	startup+loop	>=1000/s	1984604	711391	549965	723248	0	None	
0x6e4ad0	nofunc_6e4ad0	?	engine/shell	engine	startup+loop	>=1000/s	1984604	711391	549965	723248	0	None	
0x6e4adc	nofunc_6e4adc	?	engine/shell	engine	startup+loop	>=1000/s	1984604	711391	549965	723248	0	None	
0x6e4ae8	nofunc_6e4ae8	?	engine/shell	engine	startup+loop	>=1000/s	1984604	711391	549965	723248	0	None	
0x6e4b08	nofunc_6e4b08	?	engine/shell	engine	startup+loop	>=1000/s	1984604	711391	549965	723248	0	None	
0x6e4b14	nofunc_6e4b14	?	engine/shell	engine	startup+loop	>=1000/s	1984604	711391	549965	723248	0	None	
0x6e4b20	nofunc_6e4b20	?	engine/shell	engine	startup+loop	>=1000/s	1984604	711391	549965	723248	0	None	
0x6e4b3e	nofunc_6e4b3e	?	engine/shell	engine	startup+loop	>=1000/s	14368079	5071834	3943015	5353230	0	None	
0x6e4c1a	nofunc_6e4c1a	?	engine/shell	engine	startup+loop	>=1000/s	16352712	5783240	4492946	6076526	0	None	
0x6e4c26	nofunc_6e4c26	?	engine/shell	engine	startup+loop	>=1000/s	16352712	5783240	4492946	6076526	0	None	
0x6e4c96	nofunc_6e4c96	?	engine/shell	engine	startup+loop	>=1000/s	16352712	5783240	4492946	6076526	0	None	
0x6e4ce2	nofunc_6e4ce2	?	engine/shell	engine	startup+loop	>=1000/s	1239358	435895	335398	468065	0	None	
0x6e4ce5	nofunc_6e4ce5	?	engine/shell	engine	startup+loop	>=1000/s	15113283	5347284	4157570	5608429	0	None	
0x6e4ea2	nofunc_6e4ea2	?	engine/shell	engine	startup+loop	>=1000/s	16352712	5783240	4492946	6076526	0	None	
0x6e4eea	nofunc_6e4eea	?	engine/shell	engine	startup+loop	>=1000/s	16352712	5783240	4492946	6076526	0	None	
0x6e4fbe	nofunc_6e4fbe	?	engine/shell	engine	startup+loop	>=1000/s	16352712	5783240	4492946	6076526	0	None	
0x6e4fd3	nofunc_6e4fd3	?	engine/shell	engine	startup+loop	>=1000/s	416874	148488	115138	153248	0	None	
0x6e4fdf	nofunc_6e4fdf	?	engine/shell	engine	startup+loop	>=1000/s	416874	148488	115138	153248	0	None	
0x6e4fea	nofunc_6e4fea	?	engine/shell	engine	startup+loop	>=1000/s	416874	148488	115138	153248	0	None	
0x6e4ff5	nofunc_6e4ff5	?	engine/shell	engine	startup+loop	>=1000/s	416874	148488	115138	153248	0	None	
0x6e500b	nofunc_6e500b	?	engine/shell	engine	startup+loop	>=1000/s	416874	148488	115138	153248	0	None	
0x6e501c	nofunc_6e501c	?	engine/shell	engine	startup+loop	>=1000/s	454411	162253	125443	166715	0	None	
0x6e5028	nofunc_6e5028	?	engine/shell	engine	startup+loop	>=1000/s	454411	162253	125443	166715	0	None	
0x6e5230	FUN_006e5230	~SGepard	engine/shell	engine	startup+loop	>=1000/s	586451	210769	161227	214455	19	4	lifted
0x6e5290	FUN_006e5290	~SGepard	engine/shell	engine	startup+loop	>=20/s	66020	24258	17892	23870	464	4	stub
0x6e5b80	FUN_006e5b80	~SGepard	engine/shell	engine	startup+loop	>=20/s	64099	20334	20721	23044	54	4	stub
0x6e5c40	FUN_006e5c40	~SGepard	engine/shell	engine	startup+loop	>=1000/s	1040862	373022	286670	381170	36	0	lifted
0x6e5dd0	FUN_006e5dd0	~SGepard	engine/shell	engine	startup+loop	>=1000/s	7110054	2629155	1939328	2541571	53	8	lifted
0x6e5eb0	SPParticles::Init	SPParticles	engine/shell	engine	startup+loop	sporadic	15	15	0	0	616	8	lifted
0x6e6890	SPParticles::Init	SPParticles	engine/shell	engine	startup+loop	sporadic	45	45	0	0	355	12	lifted
0x6e6cb0	FUN_006e6cb0	~SPParticles	engine/shell	engine	startup+loop	>=1000/s	582116	209203	159934	212979	779	0	lifted
0x6e7df0	FUN_006e7df0	~SPParticles	engine/shell	engine	startup+loop	>=1000/s	292086	102679	81779	107628	180	0	lifted
0x6e8150	FUN_006e8150	~SPParticles	engine/shell	engine	startup+loop	>=20/s	64099	20334	20721	23044	190	4	lifted
0x6e84a0	FUN_006e84a0	SParticles	engine/shell	engine	startup+loop	>=1000/s	586643	210839	161293	214511	141	0	lifted
0x6e94b0	FUN_006e94b0	~SParticles	engine/shell	engine	startup+loop	>=20/s	64277	20421	20734	23122	49	4	
0x6e9540	FUN_006e9540	~SParticles	engine/shell	engine	startup+loop	>=20/s	64277	20421	20734	23122	51	4	lifted
0x6e95f0	FUN_006e95f0	SParticles	engine/shell	engine	startup+loop	>=1000/s	586451	210769	161227	214455	44	4	lifted
0x6e96b0	FUN_006e96b0	SParticles	engine/shell	engine	startup+loop	>=1000/s	1291480	511356	347010	433114	131	4	lifted
0x6e9940	FUN_006e9940	SParticles	engine/shell	engine	startup+loop	periodic<1/s	225	73	73	79	2	0	lifted
0x6e9950	FUN_006e9950	~SParticles	engine/shell	engine	startup+loop	>=20/s	64099	20334	20721	23044	121	4	lifted
0x6e9b60	FUN_006e9b60	~SParticles	engine/shell	engine	startup+loop	>=1000/s	18596690	6648379	5095775	6852536	129	4	lifted
0x6e9d70	FUN_006e9d70	~SParticles	engine/shell	engine	startup+loop	>=1000/s	582116	209203	159934	212979	103	0	lifted
0x6ea0f0	FUN_006ea0f0	~SParticles	engine/shell	engine	startup	0	0	0	0	0	27	0	
0x6ea3c0	SPDecalEffect::Init	SPDecalEffect	engine/shell	engine	startup	0	0	0	0	0	194	8	
0x6ea820	FUN_006ea820	~SDecalEffect	engine/shell	engine	startup	0	0	0	0	0	18	0	
0x6eac50	SPRain::Init	SPRain	engine/shell	engine	startup	0	0	0	0	0	182	8	
0x6eb5e0	FUN_006eb5e0	~SRain	engine/shell	engine	startup	0	0	0	0	0	18	0	
0x6ebb20	SPSnowfall::Init	SPSnowfall	engine/shell	engine	startup	0	0	0	0	0	182	8	
0x6ec900	FUN_006ec900	~SShockWave	engine/shell	engine	startup+loop	sporadic	5	5	0	0	37	0	
0x6ecb10	FUN_006ecb10	SSoundEffect	engine/shell	engine	startup+loop	periodic<1/s	40	13	13	14	38	4	
0x6ecb90	FUN_006ecb90	SPSoundEffect	engine/shell	engine	startup+loop	periodic<1/s	39	12	14	13	55	8	
0x6ecc40	FUN_006ecc40	SPSoundEffect	engine/shell	engine	startup+loop	sporadic	5	5	0	0	156	8	
0x6ece40	FUN_006ece40	SSoundEffect	engine/shell	engine	startup+loop	>=20/s	83521	28756	22486	32279	203	0	
0x6ed0a0	FUN_006ed0a0	SSoundEffect	engine/shell	engine	startup+loop	>=20/s	83483	28748	22468	32267	1	4	
0x6ed0b0	FUN_006ed0b0	SSoundEffect	engine/shell	engine	startup+loop	>=20/s	14630	4426	4627	5577	40	8	
0x6ed140	FUN_006ed140	SSoundEffect	engine/shell	engine	startup+loop	periodic<1/s	71	23	23	25	13	0	
0x6ed790	FUN_006ed790	~SAtmosphere	engine/shell	engine	startup+loop	sporadic	1	1	0	0	20	0	
0x6ed9e0	FUN_006ed9e0	SPLiteEffect	engine/shell	engine	startup+loop	sporadic	1	1	0	0	76	8	
0x6edcd0	FUN_006edcd0	~SLiteEffect	engine/shell	engine	startup+loop	sporadic	1	1	0	0	19	0	
0x6edff0	FUN_006edff0	SPTrailEffect	engine/shell	engine	startup+loop	sporadic	1	1	0	0	63	8	
0x6ee390	FUN_006ee390	~STrailEffect	engine/shell	engine	startup+loop	sporadic	1	1	0	0	16	0	
0x6ee5e0	FUN_006ee5e0	SPCameraShake	engine/shell	engine	startup+loop	sporadic	1	1	0	0	36	8	
0x6efde0	STerrain::STerrain	STerrain	engine/shell	engine	startup	0	0	0	0	0	488	16	lifted
0x6f0be0	FUN_006f0be0	~STerrain	engine/shell	engine	startup	0	0	0	0	0	28	4	
0x6f0c40	FUN_006f0c40	~STerrain	engine/shell	engine	startup+loop	>=1000/s	1320440	485200	357840	477400	26	4	
0x6f0d00	FUN_006f0d00	STerrain	engine/shell	engine	startup	0	0	0	0	0	31	32	lifted
0x6f0e90	FUN_006f0e90	~STerrain	engine/shell	engine	startup	0	0	0	0	0	86	0	
0x6f0f80	FUN_006f0f80	~STerrain	engine/shell	engine	startup	0	0	0	0	0	64	0	
0x6f1030	FUN_006f1030	~STerrain	engine/shell	engine	startup+loop	>=20/s	264080	97040	71568	95472	61	0	
0x6f1180	FUN_006f1180	~STerrain	engine/shell	engine	startup+loop	>=20/s	33010	12130	8945	11935	674	4	
0x6f1e40	FUN_006f1e40	~STerrain	engine/shell	engine	startup	0	0	0	0	0	39	4	
0x6f1ec0	FUN_006f1ec0	~STerrain	engine/shell	engine	startup+loop	>=20/s	66026	24264	17890	23872	49	0	lifted
0x6f2420	FUN_006f2420	STerrain	engine/shell	engine	startup	0	0	0	0	0	70	20	lifted
0x6f2650	FUN_006f2650	STerrain	engine/shell	engine	startup	0	0	0	0	0	56	24	lifted
0x6f2710	FUN_006f2710	STerrain	engine/shell	engine	startup	0	0	0	0	0	53	20	lifted
0x6f29b0	FUN_006f29b0	STerrain	engine/shell	engine	startup+loop	>=1000/s	649665	226565	174935	248165	39	4	lifted
0x6f2aa0	FUN_006f2aa0	~STerrain	engine/shell	engine	startup+loop	>=20/s	33010	12129	8946	11935	590	4	lifted
0x6f33c0	FUN_006f33c0	~STerrain	engine/shell	engine	startup+loop	>=20/s	33010	12129	8946	11935	939	4	lifted
0x6f4530	FUN_006f4530	~STerrain	engine/shell	engine	startup+loop	>=20/s	33010	12129	8946	11935	112	4	
0x6f46e0	FUN_006f46e0	~STerrain	engine/shell	engine	startup+loop	>=20/s	33010	12129	8946	11935	290	0	
0x6f4b70	FUN_006f4b70	STerrain	engine/shell	engine	startup+loop	>=20/s	33010	12129	8946	11935	2	0	lifted
0x6f4c00	FUN_006f4c00	~STerrain	engine/shell	engine	startup+loop	>=1000/s	13910131	5127840	3782081	5000210	70	8	lifted
0x6f4d10	FUN_006f4d10	~STerrain	engine/shell	engine	startup+loop	>=20/s	21064	6664	6704	7696	70	8	
0x6f4f60	FUN_006f4f60	~STerrain	engine/shell	engine	startup+loop	>=1000/s	5347620	1965060	1449252	1933308	88	12	lifted
0x6f5140	FUN_006f5140	~STerrain	engine/shell	engine	startup	0	0	0	0	0	85	4	
0x6f5230	FUN_006f5230	STerrain	engine/shell	engine	startup	0	0	0	0	0	32	16	lifted
0x6f52b0	FUN_006f52b0	STerrain	engine/shell	engine	startup	0	0	0	0	0	171	12	
0x6f5510	FUN_006f5510	STerrain	engine/shell	engine	startup	0	0	0	0	0	180	8	lifted
0x6f5840	FUN_006f5840	STerrain	engine/shell	engine	startup	0	0	0	0	0	212	28	lifted
0x6f5b80	FUN_006f5b80	STerrain	engine/shell	engine	startup	0	0	0	0	0	79	24	lifted
0x6f5cf0	FUN_006f5cf0	~STerrain	engine/shell	engine	startup	0	0	0	0	0	492	4	lifted
0x6f6640	FUN_006f6640	~STerrain	engine/shell	engine	startup+loop	>=20/s	66020	24258	17892	23870	949	8	
0x6f7810	STerrain::RenderRoads	STerrain	engine/shell	engine	startup+loop	>=20/s	33010	12129	8946	11935	784	8	lifted
0x6f88d0	FUN_006f88d0	STerrain	engine/shell	engine	startup	0	0	0	0	0	15	8	lifted
0x6f8b60	FUN_006f8b60	STerrain	engine/shell	engine	startup	0	0	0	0	0	7	8	lifted
0x6f8c90	FUN_006f8c90	STerrain	engine/shell	engine	startup+loop	>=20/s	99036	36393	26835	35808	486	0	lifted
0x6f9580	FUN_006f9580	STerrain	engine/shell	engine	startup	0	0	0	0	0	16	0	lifted
0x6f95b0	STerrain::UpdateRoad	STerrain	engine/shell	engine	startup	0	0	0	0	0	3437	4	
0x6fd380	FUN_006fd380	STerrain	engine/shell	engine	startup+loop	>=20/s	66022	24260	17892	23870	2068	4	
0x6ff510	FUN_006ff510	STerrain	engine/shell	engine	startup+loop	>=1/s	467	150	150	167	11	8	lifted
0x704e70	FUN_00704e70	~SDecodeBuffer	crt/lib	crt/lib	startup	0	0	0	0	0	102	8	lifted
0x708180	FUN_00708180	~SDecodeBuffer	crt/lib	crt/lib	startup	0	0	0	0	0	177	4	lifted
0x708400	FUN_00708400	~SDecodeBuffer	crt/lib	crt/lib	startup	0	0	0	0	0	225	8	lifted
0x708ee0	SParcel::DrawLayered	SParcel	crt/lib	crt/lib	startup+loop	>=1000/s	1254380	460902	339948	453530	790	44	lifted
0x70a930	SParcel::DrawSketch	SParcel	crt/lib	crt/lib	startup+loop	>=1000/s	2508760	921804	679896	907060	473	40	lifted
0x742690	FUN_00742690	~RGCallbackManager	crt/lib	crt/lib	startup	0	0	0	0	0	36	4	
0x751180	FUN_00751180	~sendpacket	crt/lib	crt/lib	startup	0	0	0	0	0	2	4	
0x765c0a	IsProcessorFeaturePresent	~File	crt/lib	crt/lib	startup	0	0	0	0	0	1	None	
0x766517	operator_new	~std::bad_function_call	crt/lib	crt/lib	startup+loop	>=20/s	201261	110877	43409	46975	20	0	
0x76654a	FUN_0076654a	~std::bad_function_call	crt/lib	crt/lib	startup+loop	>=20/s	199842	110285	42904	46653	7	0	
0x766558	FUN_00766558	~std::bad_function_call	crt/lib	crt/lib	startup	0	0	0	0	0	64	0	
0x766640	FUN_00766640	~std::bad_function_call	crt/lib	crt/lib	startup	0	0	0	0	0	12	0	
0x76665d	FUN_0076665d	~std::bad_function_call	crt/lib	crt/lib	startup	0	0	0	0	0	12	0	
0x7666bc	FUN_007666bc	~std::bad_function_call	crt/lib	crt/lib	startup	0	0	0	0	0	16	None	
0x7666fb	FUN_007666fb	~std::bad_function_call	crt/lib	crt/lib	startup	0	0	0	0	0	23	None	
0x766741	FUN_00766741	~std::bad_function_call	crt/lib	crt/lib	startup	0	0	0	0	0	3	0	
0x76674d	__Init_thread_notify	~std::bad_function_call	crt/lib	crt/lib	startup	0	0	0	0	0	20	0	
0x76678e	FUN_0076678e	~std::bad_function_call	crt/lib	crt/lib	startup	0	0	0	0	0	3	0	
0x7667ff	__security_check_cookie	~std::bad_function_call	crt/lib	crt/lib	startup+loop	>=1000/s	11206198	4060548	3085040	4060610	4	0	
0x766810	FUN_00766810	~std::bad_function_call	crt/lib	crt/lib	startup+loop	>=20/s	66020	24258	17892	23870	93	0	
0x7669ad	FUN_007669ad	~std::bad_function_call	crt/lib	crt/lib	startup+loop	>=20/s	66024	24264	17888	23872	17	0	
0x7669f1	FUN_007669f1	~std::bad_function_call	crt/lib	crt/lib	startup	0	0	0	0	0	3	None	
0x766a1c	FUN_00766a1c	~std::bad_function_call	crt/lib	crt/lib	startup	0	0	0	0	0	57	None	
0x766b60	FUN_00766b60	~std::bad_function_call	crt/lib	crt/lib	startup+loop	>=1000/s	28558697	10455115	7749608	10353974	9	0	
0x766b87	FUN_00766b87	~std::bad_function_call	crt/lib	crt/lib	startup+loop	>=20/s	156082	88359	32151	35572	4	None	
0x766b90	FID_conflict:_free	~std::bad_function_call	crt/lib	crt/lib	startup+loop	>=1/s	1282	409	417	456	1	None	
0x766ed4	FID_conflict:_free	~type_info	crt/lib	crt/lib	startup+loop	>=20/s	201124	110694	43321	47109	1	None	
0x766ede	`eh_vector_constructor_iterator'	~type_info	crt/lib	crt/lib	startup+loop	periodic<1/s	193	85	57	51	24	20	
0x766f33	FUN_00766f33	~type_info	crt/lib	crt/lib	startup+loop	periodic<1/s	193	85	57	51	8	0	
0x766f4c	`eh_vector_destructor_iterator'	~type_info	crt/lib	crt/lib	loop-only	periodic<1/s	159	51	51	57	30	16	
0x766fb6	FUN_00766fb6	~type_info	crt/lib	crt/lib	loop-only	periodic<1/s	159	51	51	57	8	0	
0x76704c	FUN_0076704c	~type_info	crt/lib	crt/lib	loop-only	periodic<1/s	159	51	51	57	7	0	
0x767060	__alloca_probe_16	~type_info	crt/lib	crt/lib	startup+loop	>=20/s	10852	4219	3375	3258	9	None	
0x767090	__alldvrm	~type_info	crt/lib	crt/lib	startup	0	0	0	0	0	91	16	
0x767170	__allmul	~type_info	crt/lib	crt/lib	startup	0	0	0	0	0	19	16	
0x7671b0	__aulldiv	~type_info	crt/lib	crt/lib	startup+loop	periodic<1/s	168	162	3	3	43	16	
0x767220	__aullshr	~type_info	crt/lib	crt/lib	startup+loop	sporadic	325	325	0	0	15	0	
0x767253	__crt_fast_encode_pointer<>	~type_info	crt/lib	crt/lib	startup	0	0	0	0	0	12	0	
0x7672ee	___scrt_acquire_startup_lock	~type_info	crt/lib	crt/lib	startup	0	0	0	0	0	23	0	
0x7673d8	___scrt_initialize_crt	~type_info	crt/lib	crt/lib	startup	0	0	0	0	0	22	0	
0x767411	___scrt_initialize_onexit_tables	~type_info	crt/lib	crt/lib	startup	0	0	0	0	0	61	0	
0x767535	___scrt_release_startup_lock	~type_info	crt/lib	crt/lib	startup	0	0	0	0	0	12	0	
0x76757a	__onexit	~type_info	crt/lib	crt/lib	startup	0	0	0	0	0	22	0	
0x7675e6	_atexit	~type_info	crt/lib	crt/lib	startup	0	0	0	0	0	11	0	
0x767600	__alloca_probe	~type_info	crt/lib	crt/lib	startup+loop	>=20/s	43924	16370	12340	15214	19	0	
0x76762d	FUN_0076762d	~type_info	crt/lib	crt/lib	startup	0	0	0	0	0	3	0	
0x767650	__alldiv	~type_info	crt/lib	crt/lib	startup+loop	>=1/s	1788	1780	4	4	70	16	
0x767700	FUN_00767700	~type_info	crt/lib	crt/lib	startup+loop	sporadic	60	60	0	0	47	0	
0x7677b5	nofunc_7677b5	?	crt/lib	crt/lib	startup	0	0	0	0	0	0	None	
0x7677bd	nofunc_7677bd	?	crt/lib	crt/lib	startup	0	0	0	0	0	0	None	
0x7677c2	nofunc_7677c2	?	crt/lib	crt/lib	startup	0	0	0	0	0	0	None	
0x7677c8	nofunc_7677c8	?	crt/lib	crt/lib	startup	0	0	0	0	0	0	None	
0x7677cd	nofunc_7677cd	?	crt/lib	crt/lib	startup	0	0	0	0	0	0	None	
0x7677d4	nofunc_7677d4	?	crt/lib	crt/lib	startup	0	0	0	0	0	0	None	
0x7677dd	nofunc_7677dd	?	crt/lib	crt/lib	startup	0	0	0	0	0	0	None	
0x7677e5	nofunc_7677e5	?	crt/lib	crt/lib	startup	0	0	0	0	0	0	None	
0x7677ec	nofunc_7677ec	?	crt/lib	crt/lib	startup	0	0	0	0	0	0	None	
0x7677f6	nofunc_7677f6	?	crt/lib	crt/lib	startup	0	0	0	0	0	0	None	
0x7677fb	nofunc_7677fb	?	crt/lib	crt/lib	startup	0	0	0	0	0	0	None	
0x767801	nofunc_767801	?	crt/lib	crt/lib	startup	0	0	0	0	0	0	None	
0x767807	nofunc_767807	?	crt/lib	crt/lib	startup	0	0	0	0	0	0	None	
0x76780c	nofunc_76780c	?	crt/lib	crt/lib	startup	0	0	0	0	0	0	None	
0x767811	nofunc_767811	?	crt/lib	crt/lib	startup	0	0	0	0	0	0	None	
0x767820	nofunc_767820	?	crt/lib	crt/lib	startup	0	0	0	0	0	0	None	
0x767825	nofunc_767825	?	crt/lib	crt/lib	startup	0	0	0	0	0	0	None	
0x76782a	nofunc_76782a	?	crt/lib	crt/lib	startup	0	0	0	0	0	0	None	
0x76782f	nofunc_76782f	?	crt/lib	crt/lib	startup	0	0	0	0	0	0	None	
0x767834	nofunc_767834	?	crt/lib	crt/lib	startup	0	0	0	0	0	0	None	
0x76783a	nofunc_76783a	?	crt/lib	crt/lib	startup	0	0	0	0	0	0	None	
0x767840	nofunc_767840	?	crt/lib	crt/lib	startup	0	0	0	0	0	0	None	
0x767845	nofunc_767845	?	crt/lib	crt/lib	startup	0	0	0	0	0	0	None	
0x767850	nofunc_767850	?	crt/lib	crt/lib	startup	0	0	0	0	0	0	None	
0x767855	nofunc_767855	?	crt/lib	crt/lib	startup	0	0	0	0	0	0	None	
0x767858	nofunc_767858	?	crt/lib	crt/lib	startup	0	0	0	0	0	0	None	
0x76785d	nofunc_76785d	?	crt/lib	crt/lib	startup	0	0	0	0	0	0	None	
0x767862	nofunc_767862	?	crt/lib	crt/lib	startup	0	0	0	0	0	0	None	
0x767868	nofunc_767868	?	crt/lib	crt/lib	startup	0	0	0	0	0	0	None	
0x767874	FUN_00767874	~type_info	crt/lib	crt/lib	startup	0	0	0	0	0	107	0	
0x767a1c	entry	~type_info	crt/lib	crt/lib	startup	0	0	0	0	0	2	None	
0x767a26	FUN_00767a26	~type_info	crt/lib	crt/lib	startup	0	0	0	0	0	135	0	
0x767be8	FUN_00767be8	~type_info	crt/lib	crt/lib	startup	0	0	0	0	0	10	0	
0x767df1	___scrt_get_show_window_mode	~std::bad_array_new_length	crt/lib	crt/lib	startup	0	0	0	0	0	21	0	
0x767e24	FUN_00767e24	~std::bad_array_new_length	crt/lib	crt/lib	startup	0	0	0	0	0	2	0	
0x767e6b	FUN_00767e6b	~std::bad_array_new_length	crt/lib	crt/lib	startup	0	0	0	0	0	3	0	
0x767ec0	guard_check_icall	~std::bad_array_new_length	crt/lib	crt/lib	startup+loop	>=20/s	6284	1976	2154	2154	1	None	
0x767ed0	__SEH_prolog4	~std::bad_array_new_length	crt/lib	crt/lib	startup+loop	>=20/s	7283	5468	869	946	21	0	
0x767f16	__SEH_epilog4	~std::bad_array_new_length	crt/lib	crt/lib	startup+loop	>=20/s	7283	5468	869	946	11	0	
0x767f2b	___scrt_is_ucrt_dll_in_use	~std::bad_array_new_length	crt/lib	crt/lib	startup	0	0	0	0	0	4	0	
0x767f37	___security_init_cookie	~std::bad_array_new_length	crt/lib	crt/lib	startup	0	0	0	0	0	53	0	
0x767fd6	FUN_00767fd6	~std::bad_array_new_length	crt/lib	crt/lib	startup	0	0	0	0	0	3	0	
0x767fda	FUN_00767fda	~std::bad_array_new_length	crt/lib	crt/lib	startup	0	0	0	0	0	2	0	
0x767fdd	FUN_00767fdd	~std::bad_array_new_length	crt/lib	crt/lib	startup	0	0	0	0	0	2	0	
0x767fe3	FUN_00767fe3	~std::bad_array_new_length	crt/lib	crt/lib	startup	0	0	0	0	0	2	0	
0x767fe6	FUN_00767fe6	~std::bad_array_new_length	crt/lib	crt/lib	startup	0	0	0	0	0	2	0	
0x767fe9	FUN_00767fe9	~std::bad_array_new_length	crt/lib	crt/lib	startup	0	0	0	0	0	10	0	
0x76800a	FUN_0076800a	~std::bad_array_new_length	crt/lib	crt/lib	startup	0	0	0	0	0	1	0	
0x76800b	FUN_0076800b	~std::bad_array_new_length	crt/lib	crt/lib	startup	0	0	0	0	0	1	0	
0x76800c	FUN_0076800c	~std::bad_array_new_length	crt/lib	crt/lib	startup	0	0	0	0	0	9	0	
0x768029	FUN_00768029	~std::bad_array_new_length	crt/lib	crt/lib	startup	0	0	0	0	0	4	0	
0x768035	FUN_00768035	~std::bad_array_new_length	crt/lib	crt/lib	startup	0	0	0	0	0	2	0	
0x76803b	FUN_0076803b	~std::bad_array_new_length	crt/lib	crt/lib	startup	0	0	0	0	0	2	0	
0x768041	FUN_00768041	~std::bad_array_new_length	crt/lib	crt/lib	startup	0	0	0	0	0	20	0	
0x769330	guard_check_icall	~std::bad_array_new_length	crt/lib	crt/lib	startup+loop	>=1000/s	642593	204628	207486	230479	1	0	
0x769ca0	nofunc_769ca0	?	crt/lib	crt/lib	startup	0	0	0	0	0	0	None	
0x769ca5	nofunc_769ca5	?	crt/lib	crt/lib	startup	0	0	0	0	0	0	None	
0x769cb3	nofunc_769cb3	?	crt/lib	crt/lib	startup	0	0	0	0	0	0	None	
0x76b3a0	FUN_0076b3a0	~std::bad_exception	crt/lib	crt/lib	startup+loop	>=1000/s	30036883	11079704	8127417	10829762	404	0	
0x76b920	_memset	~std::bad_exception	crt/lib	crt/lib	startup+loop	>=1000/s	35132426	12865123	9544008	12723295	89	0	
0x76bb40	FUN_0076bb40	~std::bad_exception	crt/lib	crt/lib	startup+loop	>=20/s	66476	22490	20792	23194	404	0	
0x76c130	FUN_0076c130	~std::bad_exception	crt/lib	crt/lib	startup+loop	>=20/s	22815	6591	7252	8972	220	0	
0x76c6b0	FUN_0076c6b0	~std::bad_exception	crt/lib	crt/lib	startup	0	0	0	0	0	122	0	
0x76c7e0	FUN_0076c7e0	~std::bad_exception	crt/lib	crt/lib	startup	0	0	0	0	0	116	0	
0x76ce3d	__crt_fast_encode_pointer<void*>	~std::bad_exception	crt/lib	crt/lib	startup	0	0	0	0	0	12	0	
0x76cfe0	try_get_function	~std::bad_exception	crt/lib	crt/lib	startup	0	0	0	0	0	66	0	
0x76d080	try_get_module	~std::bad_exception	crt/lib	crt/lib	startup	0	0	0	0	0	54	0	
0x76d168	___vcrt_EventRegister	~std::bad_exception	crt/lib	crt/lib	startup	0	0	0	0	0	25	0	
0x76d1a8	___vcrt_EventSetInformation	~std::bad_exception	crt/lib	crt/lib	startup	0	0	0	0	0	26	0	
0x76d26e	___vcrt_FlsAlloc	~std::bad_exception	crt/lib	crt/lib	startup	0	0	0	0	0	22	0	
0x76d31c	___vcrt_FlsSetValue	~std::bad_exception	crt/lib	crt/lib	startup	0	0	0	0	0	22	0	
0x76d359	___vcrt_InitializeCriticalSectionEx	~std::bad_exception	crt/lib	crt/lib	startup	0	0	0	0	0	25	0	
0x76d39f	FUN_0076d39f	~std::bad_exception	crt/lib	crt/lib	startup	0	0	0	0	0	15	0	
0x76d3f5	FUN_0076d3f5	~std::bad_exception	crt/lib	crt/lib	startup	0	0	0	0	0	15	0	
0x76d467	FUN_0076d467	~std::bad_exception	crt/lib	crt/lib	startup	0	0	0	0	0	26	0	
0x76d4d0	FUN_0076d4d0	~std::bad_exception	crt/lib	crt/lib	startup	0	0	0	0	0	49	0	
0x76d608	FUN_0076d608	~std::bad_exception	crt/lib	crt/lib	startup	0	0	0	0	0	8	0	
0x76d7d0	___vcrt_initialize_ptd	~std::bad_exception	crt/lib	crt/lib	startup	0	0	0	0	0	19	0	
0x76d886	FUN_0076d886	~std::bad_exception	crt/lib	crt/lib	startup	0	0	0	0	0	10	0	
0x773de4	___vcrt_initialize_locks	~pcharNode	crt/lib	crt/lib	startup	0	0	0	0	0	23	0	
0x773ed8	nofunc_773ed8	?	crt/lib	crt/lib	startup	0	0	0	0	0	0	None	
0x773ee5	nofunc_773ee5	?	crt/lib	crt/lib	startup	0	0	0	0	0	0	None	
0x773ef2	nofunc_773ef2	?	crt/lib	crt/lib	startup	0	0	0	0	0	0	None	
0x773eff	nofunc_773eff	?	crt/lib	crt/lib	startup	0	0	0	0	0	0	None	
0x773f0b	nofunc_773f0b	?	crt/lib	crt/lib	startup	0	0	0	0	0	0	None	
0x773f42	nofunc_773f42	?	crt/lib	crt/lib	startup	0	0	0	0	0	0	None	
0x773f4a	nofunc_773f4a	?	crt/lib	crt/lib	startup	0	0	0	0	0	0	None	
0x773f5a	nofunc_773f5a	?	crt/lib	crt/lib	startup	0	0	0	0	0	0	None	
0x773f7f	nofunc_773f7f	?	crt/lib	crt/lib	startup	0	0	0	0	0	0	None	
0x773f88	nofunc_773f88	?	crt/lib	crt/lib	startup	0	0	0	0	0	0	None	
0x773f9b	nofunc_773f9b	?	crt/lib	crt/lib	startup	0	0	0	0	0	0	None	
0x774042	__lock_file	~pcharNode	crt/lib	crt/lib	startup+loop	>=1/s	4936	3874	505	557	9	0	
0x774056	__unlock_file	~pcharNode	crt/lib	crt/lib	startup+loop	>=1/s	4936	3874	505	557	9	0	
0x775072	common_vsprintf<class___crt_stdio_output::standard_base,char>	~pcharNode	crt/lib	crt/lib	startup+loop	>=20/s	10922	4279	3381	3262	122	0	
0x775465	count<char>	~pcharNode	crt/lib	crt/lib	startup+loop	>=20/s	5917	2528	1756	1633	7	0	
0x775497	ensure_buffer_is_big_enough<char>	~pcharNode	crt/lib	crt/lib	startup	0	0	0	0	0	52	4	
0x7779d1	is_wide_character_specifier<char>	~pcharNode	crt/lib	crt/lib	startup+loop	>=20/s	14496	5573	4484	4439	32	0	
0x777d21	scratch_data<char>	~pcharNode	crt/lib	crt/lib	startup	0	0	0	0	0	14	0	
0x778000	type_case_integer_parse_into_buffer<>	~pcharNode	crt/lib	crt/lib	startup+loop	>=20/s	5917	2528	1756	1633	52	12	
0x7789f0	write_multiple_characters<class___crt_stdio_output::string_output_adapter<char>,char>	~pcharNode	crt/lib	crt/lib	startup+loop	>=20/s	20413	8101	6240	6072	22	0	
0x778c15	common_data<char>	~pcharNode	crt/lib	crt/lib	startup+loop	>=20/s	10922	4279	3381	3262	26	0	
0x778ce4	output_adapter_data<>	~pcharNode	crt/lib	crt/lib	startup+loop	>=20/s	10922	4279	3381	3262	23	24	
0x778e95	output_processor<>	~pcharNode	crt/lib	crt/lib	startup+loop	>=20/s	10922	4279	3381	3262	19	24	
0x77903c	_LocaleUpdate	~pcharNode	crt/lib	crt/lib	startup+loop	>=20/s	13107	6463	3382	3262	49	4	
0x779226	~formatting_buffer	~pcharNode	crt/lib	crt/lib	startup+loop	>=20/s	10922	4279	3381	3262	9	0	
0x779c17	find_next_state	~pcharNode	crt/lib	crt/lib	startup+loop	>=20/s	100377	38216	31576	30585	17	8	
0x77a62d	parse_int_from_format_string	~pcharNode	crt/lib	crt/lib	startup+loop	sporadic	49	48	1	0	43	4	
0x77aee1	process	~pcharNode	crt/lib	crt/lib	startup+loop	>=20/s	10922	4279	3381	3262	77	0	
0x77bb11	state_case_flag	~pcharNode	crt/lib	crt/lib	startup+loop	sporadic	49	48	1	0	23	0	
0x77bd7b	state_case_normal	~pcharNode	crt/lib	crt/lib	startup+loop	>=20/s	59453	21918	19094	18441	10	0	
0x77bf4a	state_case_normal_common	~pcharNode	crt/lib	crt/lib	startup+loop	>=20/s	59453	21918	19094	18441	18	0	
0x77c1fb	state_case_normal_tchar	~pcharNode	crt/lib	crt/lib	startup+loop	>=20/s	59453	21918	19094	18441	34	4	
0x77c49e	state_case_precision	~pcharNode	crt/lib	crt/lib	startup	0	0	0	0	0	15	0	
0x77e23f	state_case_type	~pcharNode	crt/lib	crt/lib	startup+loop	>=20/s	20413	8101	6240	6072	214	0	
0x77f3bb	state_case_width	~pcharNode	crt/lib	crt/lib	startup+loop	sporadic	49	48	1	0	16	0	
0x77f568	to_integer_size	~pcharNode	crt/lib	crt/lib	startup+loop	>=20/s	5917	2528	1756	1633	22	0	
0x780250	type_case_a	~pcharNode	crt/lib	crt/lib	startup	0	0	0	0	0	136	0	
0x781bf4	type_case_integer	~pcharNode	crt/lib	crt/lib	startup+loop	>=20/s	5917	2528	1756	1633	125	8	
0x78304b	type_case_s	~pcharNode	crt/lib	crt/lib	startup+loop	>=20/s	14496	5573	4484	4439	44	0	
0x783dc2	validate	~pcharNode	crt/lib	crt/lib	startup+loop	>=20/s	10922	4279	3381	3262	9	0	
0x78485e	write_character	~pcharNode	crt/lib	crt/lib	startup+loop	>=20/s	59474	21938	19095	18441	29	8	
0x784c28	write_stored_string_tchar	~pcharNode	crt/lib	crt/lib	startup+loop	>=20/s	20413	8101	6240	6072	66	4	
0x785128	write_string	~pcharNode	crt/lib	crt/lib	startup+loop	>=20/s	40826	16202	12480	12144	65	16	
0x785596	___stdio_common_vsprintf	~pcharNode	crt/lib	crt/lib	startup+loop	>=20/s	10922	4279	3381	3262	14	0	
0x78566e	___ascii_stricmp	~pcharNode	crt/lib	crt/lib	startup+loop	>=1000/s	444630	194806	123762	126062	29	0	
0x7856a9	__stricmp	~pcharNode	crt/lib	crt/lib	startup+loop	>=1000/s	444630	194806	123762	126062	25	0	
0x78578b	is_overflow_condition<unsigned_long>	~pcharNode	crt/lib	crt/lib	startup+loop	sporadic	949	948	1	0	22	0	
0x785837	parse_integer<unsigned_long,class___crt_strtox::c_string_character_source<char>_>	~pcharNode	crt/lib	crt/lib	startup+loop	sporadic	949	948	1	0	220	0	
0x786d8f	unget	~pcharNode	crt/lib	crt/lib	startup+loop	sporadic	4753	4752	1	0	15	4	
0x786de3	validate	~pcharNode	crt/lib	crt/lib	startup+loop	sporadic	2185	2184	1	0	9	0	
0x78709c	__chvalidchk_l	~pcharNode	crt/lib	crt/lib	startup+loop	sporadic	2185	2184	1	0	17	0	
0x7870c6	__ischartype_l	~pcharNode	crt/lib	crt/lib	startup+loop	sporadic	2185	2184	1	0	21	0	
0x7872d0	_strncpy	~pcharNode	crt/lib	crt/lib	startup	0	0	0	0	0	109	0	
0x78742c	initialize	~pcharNode	crt/lib	crt/lib	startup	0	0	0	0	0	24	4	
0x78759b	FUN_0078759b	~pcharNode	crt/lib	crt/lib	startup	0	0	0	0	0	8	0	
0x787707	__fclose_nolock	~pcharNode	crt/lib	crt/lib	startup+loop	periodic<1/s	39	37	1	1	46	0	
0x78777d	_fclose	~pcharNode	crt/lib	crt/lib	startup+loop	periodic<1/s	39	37	1	1	37	0	
0x7877f3	FUN_007877f3	~pcharNode	crt/lib	crt/lib	startup+loop	periodic<1/s	39	37	1	1	4	0	
0x787910	common_fsopen<char>	~pcharNode	crt/lib	crt/lib	startup+loop	periodic<1/s	42	38	2	2	54	0	
0x7879ba	FUN_007879ba	~pcharNode	crt/lib	crt/lib	startup+loop	periodic<1/s	42	38	2	2	9	0	
0x787b55	_fopen	~pcharNode	crt/lib	crt/lib	startup+loop	periodic<1/s	42	38	2	2	10	0	
0x787c08	__fread_nolock_s	~pcharNode	crt/lib	crt/lib	startup+loop	>=1/s	2883	1863	484	536	172	0	
0x787dd4	_fread	~pcharNode	crt/lib	crt/lib	startup+loop	>=1/s	2883	1863	484	536	12	0	
0x787df1	_fread_s	~pcharNode	crt/lib	crt/lib	startup+loop	>=1/s	2883	1863	484	536	41	0	
0x787e7c	FUN_00787e7c	~pcharNode	crt/lib	crt/lib	startup+loop	>=1/s	2883	1863	484	536	4	0	
0x787e84	_memcpy_s	~pcharNode	crt/lib	crt/lib	startup+loop	>=1/s	2906	1888	483	535	57	0	
0x787f05	__strnicmp	~pcharNode	crt/lib	crt/lib	startup	0	0	0	0	0	36	0	
0x788028	LongLongSub	~pcharNode	crt/lib	crt/lib	startup	0	0	0	0	0	60	0	
0x7880bf	common_fseek	~pcharNode	crt/lib	crt/lib	startup+loop	>=1/s	986	968	9	9	38	0	
0x78813c	FUN_0078813c	~pcharNode	crt/lib	crt/lib	startup+loop	>=1/s	986	968	9	9	4	0	
0x788146	common_fseek_binary_mode_read_only_fast_track_nolock	~pcharNode	crt/lib	crt/lib	startup+loop	>=1/s	986	968	9	9	91	0	
0x78821f	common_fseek_nolock	~pcharNode	crt/lib	crt/lib	startup+loop	>=1/s	986	968	9	9	88	0	
0x788392	_fseek	~pcharNode	crt/lib	crt/lib	startup+loop	>=1/s	986	968	9	9	13	0	
0x7883ad	common_ftell<long>	~pcharNode	crt/lib	crt/lib	startup+loop	>=1/s	986	968	9	9	28	0	
0x788410	FUN_00788410	~pcharNode	crt/lib	crt/lib	startup+loop	>=1/s	986	968	9	9	4	0	
0x788496	common_ftell_nolock<long>	~pcharNode	crt/lib	crt/lib	startup+loop	>=1/s	986	968	9	9	16	0	
0x7884c1	common_ftell_nolock<__int64>	~pcharNode	crt/lib	crt/lib	startup+loop	>=1/s	989	969	10	10	151	0	
0x788656	common_ftell_read_mode_nolock	~pcharNode	crt/lib	crt/lib	startup+loop	>=1/s	894	890	2	2	147	0	
0x7889bd	FUN_007889bd	~pcharNode	crt/lib	crt/lib	startup+loop	periodic<1/s	3	1	1	1	5	None	
0x7889c8	FUN_007889c8	~pcharNode	crt/lib	crt/lib	startup+loop	>=1/s	986	968	9	9	5	None	
0x789d41	FID_conflict:___acrt_errno_from_os_error	~pcharNode	crt/lib	crt/lib	startup	0	0	0	0	0	29	0	
0x789d84	___acrt_errno_map_os_error	~pcharNode	crt/lib	crt/lib	startup	0	0	0	0	0	16	0	
0x789da7	___doserrno	~pcharNode	crt/lib	crt/lib	startup	0	0	0	0	0	7	0	
0x789dba	__errno	~pcharNode	crt/lib	crt/lib	startup+loop	>=20/s	10922	4279	3381	3262	7	0	
0x78a141	__mkdir	~pcharNode	crt/lib	crt/lib	startup	0	0	0	0	0	34	0	
0x78a191	initialize	~pcharNode	crt/lib	crt/lib	startup	0	0	0	0	0	24	4	
0x78a1c2	initialize	~pcharNode	crt/lib	crt/lib	startup	0	0	0	0	0	24	4	
0x78a1fc	nofunc_78a1fc	?	crt/lib	crt/lib	startup	0	0	0	0	0	0	None	
0x78a20b	nofunc_78a20b	?	crt/lib	crt/lib	startup	0	0	0	0	0	0	None	
0x78a217	nofunc_78a217	?	crt/lib	crt/lib	startup	0	0	0	0	0	0	None	
0x78a226	nofunc_78a226	?	crt/lib	crt/lib	startup	0	0	0	0	0	0	None	
0x78acd0	___acrt_stdio_flush_nolock	~pcharNode	crt/lib	crt/lib	startup+loop	periodic<1/s	131	115	8	8	50	0	
0x78b854	FID_conflict:_free	~pcharNode	crt/lib	crt/lib	startup+loop	>=1000/s	938473	382960	242800	312713	1	None	
0x78b859	FUN_0078b859	~pcharNode	crt/lib	crt/lib	startup+loop	>=20/s	201318	110894	43430	46994	5	None	
0x78b864	FUN_0078b864	~pcharNode	crt/lib	crt/lib	startup+loop	>=1000/s	3380839	1244271	915461	1221107	5	None	
0x78b86f	make_c_string_character_source<>	~pcharNode	crt/lib	crt/lib	startup+loop	sporadic	2185	2184	1	0	13	0	
0x78bdb9	_strtol	~pcharNode	crt/lib	crt/lib	startup+loop	sporadic	949	948	1	0	20	0	
0x78bfa0	_strncmp	~pcharNode	crt/lib	crt/lib	startup+loop	>=1/s	4326	4000	163	163	44	0	
0x78c73d	common_timespec_get<struct__timespec64>	~pcharNode	crt/lib	crt/lib	startup	0	0	0	0	0	48	0	
0x78c7ee	__time64	~pcharNode	crt/lib	crt/lib	startup	0	0	0	0	0	33	0	
0x78c846	FUN_0078c846	~pcharNode	crt/lib	crt/lib	startup+loop	>=1000/s	624913	198195	201869	224849	8	0	
0x78c867	FUN_0078c867	~pcharNode	crt/lib	crt/lib	startup	0	0	0	0	0	8	0	
0x78c879	FUN_0078c879	~pcharNode	crt/lib	crt/lib	startup	0	0	0	0	0	5	None	
0x78c8e4	x_ismbbtype_l	~pcharNode	crt/lib	crt/lib	startup	0	0	0	0	0	35	0	
0x78cb20	__ismbblead	~pcharNode	crt/lib	crt/lib	startup	0	0	0	0	0	11	0	
0x78cbf0	shortsort	~pcharNode	crt/lib	crt/lib	startup+loop	periodic<1/s	114	33	39	42	64	0	
0x78cc90	swap	~pcharNode	crt/lib	crt/lib	startup	0	0	0	0	0	25	0	
0x78ccd0	_qsort	~pcharNode	crt/lib	crt/lib	startup+loop	>=1/s	357	81	136	140	271	0	
0x78d07a	FUN_0078d07a	~pcharNode	crt/lib	crt/lib	startup+loop	>=20/s	143669	49506	45750	48413	2	None	
0x78d090	__libm_sse2_sqrt_precise	~pcharNode	crt/lib	crt/lib	startup+loop	>=1000/s	747431616	273877151	203782092	269772373	67	0	
0x78d190	FUN_0078d190	~pcharNode	crt/lib	crt/lib	startup+loop	>=20/s	41830	12858	13350	15622	156	0	
0x78d480	FUN_0078d480	~pcharNode	crt/lib	crt/lib	startup+loop	>=1000/s	49945950	18055203	13693275	18197472	100	0	
0x78d640	FUN_0078d640	~pcharNode	crt/lib	crt/lib	startup+loop	>=1000/s	52684871	18976386	14476139	19232346	103	0	
0x78d810	FUN_0078d810	~pcharNode	crt/lib	crt/lib	startup+loop	>=1/s	754	222	250	282	135	0	
0x78dc60	assemble_floating_point_value_t<double>	~pcharNode	crt/lib	crt/lib	startup+loop	sporadic	666	666	0	0	36	0	
0x78dcd6	assemble_floating_point_zero<double>	~pcharNode	crt/lib	crt/lib	startup+loop	sporadic	570	570	0	0	24	0	
0x78df02	convert_decimal_string_to_floating_type<double>	~pcharNode	crt/lib	crt/lib	startup+loop	sporadic	666	666	0	0	17	0	
0x78dfe1	parse_floating_point<class___crt_strtox::c_string_character_source<char>,double>	~pcharNode	crt/lib	crt/lib	startup+loop	sporadic	1236	1236	0	0	44	0	
0x78e0cd	parse_floating_point_from_source<class___crt_strtox::c_string_character_source<char>_>	~pcharNode	crt/lib	crt/lib	startup+loop	sporadic	1236	1236	0	0	414	0	
0x78f8cd	parse_floating_point_write_result<double>	~pcharNode	crt/lib	crt/lib	startup+loop	sporadic	1236	1236	0	0	78	0	
0x79040f	FUN_0079040f	~pcharNode	crt/lib	crt/lib	startup+loop	sporadic	666	666	0	0	10	0	
0x790493	assemble_floating_point_value	~pcharNode	crt/lib	crt/lib	startup+loop	sporadic	666	666	0	0	325	0	
0x7907df	assemble_floating_point_value_from_big_integer	~pcharNode	crt/lib	crt/lib	startup+loop	sporadic	420	420	0	0	155	0	
0x790a67	convert_decimal_string_to_floating_type_common	~pcharNode	crt/lib	crt/lib	startup+loop	sporadic	666	666	0	0	2066	0	
0x7928fb	denormal_mantissa_mask	~pcharNode	crt/lib	crt/lib	startup+loop	sporadic	666	666	0	0	8	0	
0x792920	divide	~pcharNode	crt/lib	crt/lib	startup+loop	sporadic	246	246	0	0	464	0	
0x7938fe	normal_mantissa_mask	~pcharNode	crt/lib	crt/lib	startup+loop	sporadic	246	246	0	0	8	0	
0x793c24	_memcpy_s	~pcharNode	crt/lib	crt/lib	startup+loop	sporadic	246	246	0	0	57	0	
0x793cba	FUN_00793cba	~pcharNode	crt/lib	crt/lib	startup+loop	>=20/s	69570	24128	20335	25107	2	None	
0x793cc4	nofunc_793cc4	?	crt/lib	crt/lib	startup+loop	>=20/s	69325	24056	20242	25027	0	None	
0x793ccf	nofunc_793ccf	?	crt/lib	crt/lib	startup+loop	>=20/s	69325	24056	20242	25027	0	None	
0x793d6c	FUN_00793d6c	~pcharNode	crt/lib	crt/lib	startup+loop	>=20/s	255441	87831	80901	86709	11	0	
0x793f6a	common_xtox<unsigned_long,char>	~pcharNode	crt/lib	crt/lib	startup	0	0	0	0	0	57	0	
0x794457	FID_conflict:__ltoa	~pcharNode	crt/lib	crt/lib	startup	0	0	0	0	0	21	0	
0x794710	FUN_00794710	~pcharNode	crt/lib	crt/lib	startup	0	0	0	0	0	147	0	
0x794960	FUN_00794960	~pcharNode	crt/lib	crt/lib	startup+loop	>=20/s	66020	24258	17892	23870	166	0	
0x79dcb9	FUN_0079dcb9	~pcharNode	crt/lib	crt/lib	startup	0	0	0	0	0	7	0	
0x79df19	common_fullpath_user_buffer<char>	~pcharNode	crt/lib	crt/lib	startup	0	0	0	0	0	35	0	
0x79e084	__fullpath	~pcharNode	crt/lib	crt/lib	startup	0	0	0	0	0	38	0	
0x79e131	nofunc_79e131	?	crt/lib	crt/lib	startup	0	0	0	0	0	0	None	
0x79e137	nofunc_79e137	?	crt/lib	crt/lib	startup	0	0	0	0	0	0	None	
0x79e142	nofunc_79e142	?	crt/lib	crt/lib	startup	0	0	0	0	0	0	None	
0x79e14d	FUN_0079e14d	~pcharNode	crt/lib	crt/lib	startup	0	0	0	0	0	2	0	
0x79e3b2	__freea_crt	~pcharNode	crt/lib	crt/lib	startup	0	0	0	0	0	14	0	
0x79e499	FUN_0079e499	~pcharNode	crt/lib	crt/lib	startup+loop	periodic<1/s	57	17	21	19	44	0	
0x79e4ef	operator()<class_<lambda_123407a5e2ac06da108355a851863b7a>,class_<lambda_2fe9b910cf3cbf4a0ab98a02ba45b3ec>&,class_<lambda_ae55bdf541ad94d75914d381c370e64d>_>	~pcharNode	crt/lib	crt/lib	startup+loop	periodic<1/s	39	37	1	1	34	12	
0x79e565	FUN_0079e565	~pcharNode	crt/lib	crt/lib	startup+loop	periodic<1/s	39	37	1	1	5	0	
0x79e571	__acrt_lowio_lock_fh_and_call<class_<lambda_2fe9b910cf3cbf4a0ab98a02ba45b3ec>_>	~pcharNode	crt/lib	crt/lib	startup+loop	periodic<1/s	39	37	1	1	17	0	
0x79e682	__close	~pcharNode	crt/lib	crt/lib	startup+loop	periodic<1/s	39	37	1	1	44	0	
0x79e701	__close_nolock	~pcharNode	crt/lib	crt/lib	startup+loop	periodic<1/s	39	37	1	1	61	0	
0x79ea0b	write_requires_double_translation_nolock	~pcharNode	crt/lib	crt/lib	startup+loop	periodic<1/s	35	30	3	2	42	0	
0x79ed7b	__write	~pcharNode	crt/lib	crt/lib	startup+loop	periodic<1/s	35	30	3	2	59	0	
0x79ee3d	FUN_0079ee3d	~pcharNode	crt/lib	crt/lib	startup+loop	periodic<1/s	35	30	3	2	4	0	
0x79ee66	__write_nolock	~pcharNode	crt/lib	crt/lib	startup+loop	periodic<1/s	35	30	3	2	186	0	
0x79f1d3	common_sopen_dispatch<char>	~pcharNode	crt/lib	crt/lib	startup+loop	periodic<1/s	42	38	2	2	54	0	
0x79f273	FUN_0079f273	~pcharNode	crt/lib	crt/lib	startup+loop	periodic<1/s	42	38	2	2	15	0	
0x79f433	FUN_0079f433	~pcharNode	crt/lib	crt/lib	startup+loop	periodic<1/s	42	38	2	2	211	0	
0x79f680	create_file	~pcharNode	crt/lib	crt/lib	startup+loop	periodic<1/s	42	38	2	2	15	0	
0x79f708	decode_open_create_flags	~pcharNode	crt/lib	crt/lib	startup+loop	periodic<1/s	42	38	2	2	44	0	
0x79f778	FUN_0079f778	~pcharNode	crt/lib	crt/lib	startup+loop	periodic<1/s	42	38	2	2	135	0	
0x79fa8e	FUN_0079fa8e	~pcharNode	crt/lib	crt/lib	startup	0	0	0	0	0	5	None	
0x79fa99	__sopen_nolock	~pcharNode	crt/lib	crt/lib	startup+loop	periodic<1/s	42	38	2	2	36	0	
0x79faea	FID_conflict:__sopen_s	~pcharNode	crt/lib	crt/lib	startup+loop	periodic<1/s	42	38	2	2	13	0	
0x79fb62	__wsopen_nolock	~pcharNode	crt/lib	crt/lib	startup+loop	periodic<1/s	42	38	2	2	272	0	
0x7a01dc	common_lseek<long>	~pcharNode	crt/lib	crt/lib	startup	0	0	0	0	0	59	0	
0x7a029e	FUN_007a029e	~pcharNode	crt/lib	crt/lib	startup	0	0	0	0	0	4	0	
0x7a02c7	common_lseek<__int64>	~pcharNode	crt/lib	crt/lib	startup+loop	>=1/s	989	969	10	10	68	0	
0x7a039f	FUN_007a039f	~pcharNode	crt/lib	crt/lib	startup+loop	>=1/s	989	969	10	10	4	0	
0x7a03cc	common_lseek_nolock<long>	~pcharNode	crt/lib	crt/lib	startup	0	0	0	0	0	32	0	
0x7a0423	common_lseek_nolock<__int64>	~pcharNode	crt/lib	crt/lib	startup+loop	>=1/s	1081	1047	17	17	50	0	
0x7a04a1	common_lseek_do_seek_nolock	~pcharNode	crt/lib	crt/lib	startup	0	0	0	0	0	52	0	
0x7a0564	FUN_007a0564	~pcharNode	crt/lib	crt/lib	startup	0	0	0	0	0	5	None	
0x7a057a	__lseeki64	~pcharNode	crt/lib	crt/lib	startup+loop	>=1/s	989	969	10	10	11	0	
0x7a0595	__lseeki64_nolock	~pcharNode	crt/lib	crt/lib	startup+loop	periodic<1/s	92	78	7	7	11	0	
0x7a0af8	__read	~pcharNode	crt/lib	crt/lib	startup+loop	>=1/s	804	306	236	262	69	0	
0x7a0be2	FUN_007a0be2	~pcharNode	crt/lib	crt/lib	startup+loop	>=1/s	804	306	236	262	4	0	
0x7a0c0b	__read_nolock	~pcharNode	crt/lib	crt/lib	startup+loop	>=1/s	2316	828	705	783	300	0	
0x7a113c	__strlwr	~pcharNode	crt/lib	crt/lib	startup+loop	>=1/s	552	512	20	20	38	0	
0x7a1325	common_strtod_l<>	~pcharNode	crt/lib	crt/lib	startup+loop	sporadic	1236	1236	0	0	53	0	
0x7a1706	FID_conflict:_strtod	~pcharNode	crt/lib	crt/lib	startup+loop	sporadic	1236	1236	0	0	10	0	
0x7a1e20	FUN_007a1e20	~pcharNode	crt/lib	crt/lib	startup+loop	>=1000/s	1164366	418500	319806	426060	651	0	
0x7a34ab	__control87	~pcharNode	crt/lib	crt/lib	startup	0	0	0	0	0	251	0	
0x7a50fc	___acrt_initialize_clock	~pcharNode	crt/lib	crt/lib	startup	0	0	0	0	0	34	0	
0x7a734e	__fileno	~pcharNode	crt/lib	crt/lib	startup+loop	>=20/s	7454	3948	1662	1844	15	0	
0x7a8743	initialize	~pcharNode	crt/lib	crt/lib	startup	0	0	0	0	0	24	4	
0x7a8777	FUN_007a8777	~pcharNode	crt/lib	crt/lib	startup	0	0	0	0	0	8	0	
0x7a9365	common_initialize_environment_nolock<char>	~pcharNode	crt/lib	crt/lib	startup	0	0	0	0	0	35	0	
0x7a948d	FUN_007a948d	~pcharNode	crt/lib	crt/lib	startup	0	0	0	0	0	101	0	
0x7a9a15	initialize	~pcharNode	crt/lib	crt/lib	startup	0	0	0	0	0	24	4	
0x7a9b31	common_initialize_environment_nolock<char>	~pcharNode	crt/lib	crt/lib	startup	0	0	0	0	0	1	None	
0x7a9b65	operator()<class_<lambda_800076c951b434888f4765a74a194fcc>,class_<lambda_4e60a939b0d047cfe11ddc22648dfba9>&,class_<lambda_6dbb1268764f43b569ce7b67e331d33a>_>	~pcharNode	crt/lib	crt/lib	startup	0	0	0	0	0	18	12	
0x7a9baa	FUN_007a9baa	~pcharNode	crt/lib	crt/lib	startup	0	0	0	0	0	5	0	
0x7a9c2f	__acrt_lock_and_call<class_<lambda_4e60a939b0d047cfe11ddc22648dfba9>_>	~pcharNode	crt/lib	crt/lib	startup	0	0	0	0	0	17	0	
0x7a9c57	__crt_fast_encode_pointer<>	~pcharNode	crt/lib	crt/lib	startup	0	0	0	0	0	13	0	
0x7a9e2f	operator()	~pcharNode	crt/lib	crt/lib	startup	0	0	0	0	0	129	0	
0x7a9fb9	__crt_atexit	~pcharNode	crt/lib	crt/lib	startup	0	0	0	0	0	10	0	
0x7a9fec	__initialize_onexit_table	~pcharNode	crt/lib	crt/lib	startup	0	0	0	0	0	27	0	
0x7aa029	__register_onexit_function	~pcharNode	crt/lib	crt/lib	startup	0	0	0	0	0	18	0	
0x7aa04d	nofunc_7aa04d	?	crt/lib	crt/lib	startup	0	0	0	0	0	0	None	
0x7aa05c	nofunc_7aa05c	?	crt/lib	crt/lib	startup	0	0	0	0	0	0	None	
0x7aa05f	nofunc_7aa05f	?	crt/lib	crt/lib	startup	0	0	0	0	0	0	None	
0x7aa069	nofunc_7aa069	?	crt/lib	crt/lib	startup	0	0	0	0	0	0	None	
0x7aa075	nofunc_7aa075	?	crt/lib	crt/lib	startup	0	0	0	0	0	0	None	
0x7aa07c	nofunc_7aa07c	?	crt/lib	crt/lib	startup	0	0	0	0	0	0	None	
0x7aa087	nofunc_7aa087	?	crt/lib	crt/lib	startup	0	0	0	0	0	0	None	
0x7aa08d	nofunc_7aa08d	?	crt/lib	crt/lib	startup	0	0	0	0	0	0	None	
0x7aa0ab	nofunc_7aa0ab	?	crt/lib	crt/lib	startup	0	0	0	0	0	0	None	
0x7aa0b1	nofunc_7aa0b1	?	crt/lib	crt/lib	startup	0	0	0	0	0	0	None	
0x7aa0b7	nofunc_7aa0b7	?	crt/lib	crt/lib	startup	0	0	0	0	0	0	None	
0x7aa0bd	nofunc_7aa0bd	?	crt/lib	crt/lib	startup	0	0	0	0	0	0	None	
0x7aa0c3	nofunc_7aa0c3	?	crt/lib	crt/lib	startup	0	0	0	0	0	0	None	
0x7aa14d	initialize	~pcharNode	crt/lib	crt/lib	startup	0	0	0	0	0	24	4	
0x7aa17e	___acrt_initialize	~pcharNode	crt/lib	crt/lib	startup	0	0	0	0	0	6	0	
0x7aa386	FUN_007aa386	~pcharNode	crt/lib	crt/lib	startup+loop	periodic<1/s	81	75	3	3	2	0	
0x7aa38c	FUN_007aa38c	~pcharNode	crt/lib	crt/lib	startup	0	0	0	0	0	7	0	
0x7aa3d0	initialize	~pcharNode	crt/lib	crt/lib	startup	0	0	0	0	0	24	4	
0x7aa404	___acrt_has_user_matherr	~pcharNode	crt/lib	crt/lib	startup+loop	>=20/s	213239	73634	66085	73520	9	0	
0x7aa41d	FUN_007aa41d	~pcharNode	crt/lib	crt/lib	startup	0	0	0	0	0	8	0	
0x7aa48f	common_configure_argv<char>	~pcharNode	crt/lib	crt/lib	startup	0	0	0	0	0	116	0	
0x7aa706	parse_command_line<char>	~pcharNode	crt/lib	crt/lib	startup	0	0	0	0	0	169	0	
0x7aaaca	___acrt_allocate_buffer_for_argv	~pcharNode	crt/lib	crt/lib	startup	0	0	0	0	0	37	0	
0x7aab1f	FUN_007aab1f	~pcharNode	crt/lib	crt/lib	startup	0	0	0	0	0	5	None	
0x7aac19	__get_narrow_winmain_command_line	~pcharNode	crt/lib	crt/lib	startup	0	0	0	0	0	39	0	
0x7aacb2	__initterm	~pcharNode	crt/lib	crt/lib	startup	0	0	0	0	0	42	0	
0x7aad0e	__initterm_e	~pcharNode	crt/lib	crt/lib	startup	0	0	0	0	0	31	0	
0x7aad8b	__set_fmode	~pcharNode	crt/lib	crt/lib	startup	0	0	0	0	0	22	0	
0x7ab771	__configthreadlocale	~pcharNode	crt/lib	crt/lib	startup	0	0	0	0	0	35	0	
0x7ac74c	__set_new_mode	~pcharNode	crt/lib	crt/lib	startup	0	0	0	0	0	18	0	
0x7ac77b	FUN_007ac77b	~pcharNode	crt/lib	crt/lib	startup	0	0	0	0	0	2	0	
0x7ac781	__controlfp_s	~pcharNode	crt/lib	crt/lib	startup	0	0	0	0	0	40	0	
0x7ac8cd	FID_conflict:_free	~pcharNode	crt/lib	crt/lib	startup+loop	>=1000/s	951853	388201	246867	316785	22	0	
0x7ac907	__malloc_base	~pcharNode	crt/lib	crt/lib	startup+loop	>=1000/s	938756	383295	242911	312550	32	0	
0x7ac9af	_strcpy_s	~pcharNode	crt/lib	crt/lib	startup+loop	periodic<1/s	57	17	21	19	42	0	
0x7aca09	__calloc_base	~pcharNode	crt/lib	crt/lib	startup+loop	sporadic	1	1	0	0	39	0	
0x7acfd4	try_get_function	~pcharNode	crt/lib	crt/lib	startup+loop	>=1000/s	635843	202517	205213	228113	65	0	
0x7ad070	try_get_module	~pcharNode	crt/lib	crt/lib	startup	0	0	0	0	0	52	0	
0x7ad156	___acrt_AreFileApisANSI@0	~pcharNode	crt/lib	crt/lib	startup+loop	periodic<1/s	42	38	2	2	30	0	
0x7ad285	___acrt_FlsAlloc@4	~pcharNode	crt/lib	crt/lib	startup	0	0	0	0	0	30	4	
0x7ad331	___acrt_FlsGetValue@4	~pcharNode	crt/lib	crt/lib	startup+loop	>=1000/s	635800	202478	205211	228111	30	4	
0x7ad387	___acrt_FlsSetValue@8	~pcharNode	crt/lib	crt/lib	startup+loop	sporadic	1	1	0	0	31	8	
0x7ad57e	___acrt_GetSystemTimePreciseAsFileTime@4	~pcharNode	crt/lib	crt/lib	startup	0	0	0	0	0	30	4	
0x7ad702	___acrt_InitializeCriticalSectionEx@12	~pcharNode	crt/lib	crt/lib	startup	0	0	0	0	0	34	12	
0x7ad831	___acrt_LCMapStringEx@36	~pcharNode	crt/lib	crt/lib	startup	0	0	0	0	0	47	36	
0x7adbe1	nofunc_7adbe1	?	crt/lib	crt/lib	startup	0	0	0	0	0	0	None	
0x7ade0a	___acrt_stdio_free_buffer_nolock	~pcharNode	crt/lib	crt/lib	startup+loop	periodic<1/s	39	37	1	1	28	0	
0x7ade6a	initialize_inherited_file_handles_nolock	~pcharNode	crt/lib	crt/lib	startup	0	0	0	0	0	72	0	
0x7adf20	FUN_007adf20	~pcharNode	crt/lib	crt/lib	startup	0	0	0	0	0	67	0	
0x7adfd6	nofunc_7adfd6	?	crt/lib	crt/lib	startup	0	0	0	0	0	0	None	
0x7adfe2	nofunc_7adfe2	?	crt/lib	crt/lib	startup	0	0	0	0	0	0	None	
0x7adfe9	nofunc_7adfe9	?	crt/lib	crt/lib	startup	0	0	0	0	0	0	None	
0x7adff8	nofunc_7adff8	?	crt/lib	crt/lib	startup	0	0	0	0	0	0	None	
0x7adffd	nofunc_7adffd	?	crt/lib	crt/lib	startup	0	0	0	0	0	0	None	
0x7ae002	nofunc_7ae002	?	crt/lib	crt/lib	startup	0	0	0	0	0	0	None	
0x7ae007	nofunc_7ae007	?	crt/lib	crt/lib	startup	0	0	0	0	0	0	None	
0x7ae018	nofunc_7ae018	?	crt/lib	crt/lib	startup	0	0	0	0	0	0	None	
0x7ae01f	nofunc_7ae01f	?	crt/lib	crt/lib	startup	0	0	0	0	0	0	None	
0x7ae023	FUN_007ae023	~pcharNode	crt/lib	crt/lib	startup	0	0	0	0	0	4	0	
0x7ae8f2	FUN_007ae8f2	~pcharNode	crt/lib	crt/lib	startup+loop	>=20/s	14496	5573	4484	4439	131	0	
0x7aebe2	operator()<>	~pcharNode	crt/lib	crt/lib	startup+loop	sporadic	1	1	0	0	21	12	
0x7aec26	FUN_007aec26	~pcharNode	crt/lib	crt/lib	startup+loop	sporadic	1	1	0	0	5	0	
0x7aecde	operator()<>	~pcharNode	crt/lib	crt/lib	startup+loop	sporadic	1	1	0	0	17	12	
0x7aed1a	FUN_007aed1a	~pcharNode	crt/lib	crt/lib	startup+loop	sporadic	1	1	0	0	5	0	
0x7aed4e	__acrt_lock_and_call<class_<lambda_b2ea41f6bbb362cd97d94c6828d90b61>_>	~pcharNode	crt/lib	crt/lib	startup+loop	sporadic	1	1	0	0	17	0	
0x7aed9e	__acrt_lock_and_call<class_<lambda_e69574bed617af4e071282c136b37893>_>	~pcharNode	crt/lib	crt/lib	startup+loop	sporadic	1	1	0	0	17	0	
0x7aef78	construct_ptd	~pcharNode	crt/lib	crt/lib	startup+loop	sporadic	1	1	0	0	41	0	
0x7af1d3	replace_current_thread_locale_nolock	~pcharNode	crt/lib	crt/lib	startup+loop	sporadic	1	1	0	0	30	0	
0x7af25e	FUN_007af25e	~pcharNode	crt/lib	crt/lib	startup+loop	>=1000/s	624878	198179	201830	224869	49	0	
0x7af2e2	___acrt_getptd_noexit	~pcharNode	crt/lib	crt/lib	startup+loop	>=20/s	10922	4279	3381	3262	53	0	
0x7af367	nofunc_7af367	?	crt/lib	crt/lib	startup	0	0	0	0	0	0	None	
0x7af371	nofunc_7af371	?	crt/lib	crt/lib	startup	0	0	0	0	0	0	None	
0x7af37e	nofunc_7af37e	?	crt/lib	crt/lib	startup	0	0	0	0	0	0	None	
0x7af383	nofunc_7af383	?	crt/lib	crt/lib	startup	0	0	0	0	0	0	None	
0x7af390	nofunc_7af390	?	crt/lib	crt/lib	startup	0	0	0	0	0	0	None	
0x7af413	__acrt_fp_classify	~pcharNode	crt/lib	crt/lib	startup	0	0	0	0	0	51	0	
0x7af986	fp_format_f	~pcharNode	crt/lib	crt/lib	startup	0	0	0	0	0	62	0	
0x7afa13	fp_format_f_internal	~pcharNode	crt/lib	crt/lib	startup	0	0	0	0	0	89	0	
0x7afcaa	shift_bytes	~pcharNode	crt/lib	crt/lib	startup	0	0	0	0	0	27	0	
0x7afce9	___acrt_fp_format	~pcharNode	crt/lib	crt/lib	startup	0	0	0	0	0	131	0	
0x7b04e5	__acrt_stdio_allocate_stream	~pcharNode	crt/lib	crt/lib	startup+loop	periodic<1/s	42	38	2	2	28	0	
0x7b053b	FUN_007b053b	~pcharNode	crt/lib	crt/lib	startup+loop	periodic<1/s	42	38	2	2	4	0	
0x7b0544	__acrt_stdio_free_stream	~pcharNode	crt/lib	crt/lib	startup+loop	periodic<1/s	39	37	1	1	23	0	
0x7b058f	find_or_allocate_unused_stream_nolock	~pcharNode	crt/lib	crt/lib	startup+loop	periodic<1/s	42	38	2	2	78	0	
0x7b068e	__acrt_stdio_parse_mode<char>	~pcharNode	crt/lib	crt/lib	startup+loop	periodic<1/s	42	38	2	2	210	0	
0x7b0b04	common_openfile<char>	~pcharNode	crt/lib	crt/lib	startup+loop	periodic<1/s	42	38	2	2	54	0	
0x7b0dc6	FID_conflict:__acrt_stdio_parse_mode_b	~pcharNode	crt/lib	crt/lib	startup+loop	periodic<1/s	42	38	2	2	15	0	
0x7b0e7f	FUN_007b0e7f	~pcharNode	crt/lib	crt/lib	startup+loop	periodic<1/s	42	38	2	2	5	None	
0x7b0e95	common_refill_and_read_nolock<char>	~pcharNode	crt/lib	crt/lib	startup+loop	>=1/s	804	306	236	262	136	0	
0x7b1290	FUN_007b1290	~pcharNode	crt/lib	crt/lib	startup+loop	>=1/s	804	306	236	262	5	None	
0x7b12b0	___ascii_strnicmp	~pcharNode	crt/lib	crt/lib	startup	0	0	0	0	0	48	0	
0x7b13d5	___acrt_copy_path_to_wide_string	~pcharNode	crt/lib	crt/lib	startup+loop	periodic<1/s	42	38	2	2	80	0	
0x7b1cab	__wmkdir	~pcharNode	crt/lib	crt/lib	startup	0	0	0	0	0	18	0	
0x7b24f2	nofunc_7b24f2	?	crt/lib	crt/lib	startup	0	0	0	0	0	0	None	
0x7b24fd	nofunc_7b24fd	?	crt/lib	crt/lib	startup	0	0	0	0	0	0	None	
0x7b250a	nofunc_7b250a	?	crt/lib	crt/lib	startup	0	0	0	0	0	0	None	
0x7b250e	nofunc_7b250e	?	crt/lib	crt/lib	startup	0	0	0	0	0	0	None	
0x7b2522	nofunc_7b2522	?	crt/lib	crt/lib	startup	0	0	0	0	0	0	None	
0x7b2530	nofunc_7b2530	?	crt/lib	crt/lib	startup	0	0	0	0	0	0	None	
0x7b2533	___acrt_lock	~pcharNode	crt/lib	crt/lib	startup+loop	periodic<1/s	86	78	4	4	9	0	
0x7b257b	___acrt_unlock	~pcharNode	crt/lib	crt/lib	startup+loop	periodic<1/s	86	78	4	4	9	0	
0x7b4e77	__realloc_base	~pcharNode	crt/lib	crt/lib	startup+loop	>=1000/s	3380839	1244359	915447	1221033	44	0	
0x7b4efc	nofunc_7b4efc	?	crt/lib	crt/lib	startup+loop	>=20/s	142140	49171	45159	47810	0	None	
0x7b4f11	nofunc_7b4f11	?	crt/lib	crt/lib	startup+loop	>=20/s	34716	10965	11240	12511	0	None	
0x7b4f15	nofunc_7b4f15	?	crt/lib	crt/lib	startup+loop	>=20/s	107424	38206	33919	35299	0	None	
0x7b4f19	nofunc_7b4f19	?	crt/lib	crt/lib	startup+loop	>=20/s	44376	20032	11374	12970	0	None	
0x7b4f1b	nofunc_7b4f1b	?	crt/lib	crt/lib	startup+loop	>=20/s	97764	29139	33785	34840	0	None	
0x7b4f55	nofunc_7b4f55	?	crt/lib	crt/lib	startup+loop	>=1/s	1529	335	591	603	0	None	
0x7b4f5b	nofunc_7b4f5b	?	crt/lib	crt/lib	startup+loop	periodic<1/s	273	91	91	91	0	None	
0x7b4f65	nofunc_7b4f65	?	crt/lib	crt/lib	startup+loop	>=1/s	1529	335	591	603	0	None	
0x7b4f66	nofunc_7b4f66	?	crt/lib	crt/lib	startup+loop	>=1/s	1256	244	500	512	0	None	
0x7b4f90	__cintrindisp2	~pcharNode	crt/lib	crt/lib	startup+loop	>=20/s	213239	73634	66085	73520	26	0	
0x7b505f	FUN_007b505f	~pcharNode	crt/lib	crt/lib	startup+loop	>=20/s	213239	73634	66085	73520	96	0	
0x7b5a2d	FUN_007b5a2d	~pcharNode	crt/lib	crt/lib	startup+loop	sporadic	246	246	0	0	3	0	
0x7b5aa7	__trandisp2	~pcharNode	crt/lib	crt/lib	startup+loop	>=20/s	213239	73634	66085	73520	43	None	
0x7b5b4b	nofunc_7b5b4b	?	crt/lib	crt/lib	startup+loop	periodic<1/s	245	72	93	80	0	None	
0x7b5b57	nofunc_7b5b57	?	crt/lib	crt/lib	startup+loop	periodic<1/s	245	72	93	80	0	None	
0x7b61f7	nofunc_7b61f7	?	crt/lib	crt/lib	startup	0	0	0	0	0	0	None	
0x7b61fe	nofunc_7b61fe	?	crt/lib	crt/lib	startup	0	0	0	0	0	0	None	
0x7b6ae1	__acrt_LCMapStringA_stat	~pcharNode	crt/lib	crt/lib	startup	0	0	0	0	0	216	0	
0x7b6cfe	___acrt_LCMapStringA	~pcharNode	crt/lib	crt/lib	startup	0	0	0	0	0	26	0	
0x7b6da8	___acrt_lowio_create_handle_array	~pcharNode	crt/lib	crt/lib	startup	0	0	0	0	0	52	0	
0x7b6e57	___acrt_lowio_ensure_fh_exists	~pcharNode	crt/lib	crt/lib	startup	0	0	0	0	0	43	0	
0x7b6ee6	FUN_007b6ee6	~pcharNode	crt/lib	crt/lib	startup	0	0	0	0	0	4	0	
0x7b6eef	___acrt_lowio_lock_fh	~pcharNode	crt/lib	crt/lib	startup+loop	>=1/s	1867	1342	250	275	13	0	
0x7b6f12	___acrt_lowio_set_os_handle	~pcharNode	crt/lib	crt/lib	startup+loop	periodic<1/s	42	38	2	2	56	0	
0x7b6fa6	___acrt_lowio_unlock_fh	~pcharNode	crt/lib	crt/lib	startup+loop	>=1/s	1909	1380	252	277	13	0	
0x7b6fc9	__alloc_osfhnd	~pcharNode	crt/lib	crt/lib	startup+loop	periodic<1/s	42	38	2	2	82	0	
0x7b70d2	FUN_007b70d2	~pcharNode	crt/lib	crt/lib	startup+loop	periodic<1/s	42	38	2	2	4	0	
0x7b70db	__free_osfhnd	~pcharNode	crt/lib	crt/lib	startup+loop	periodic<1/s	39	37	1	1	54	0	
0x7b716c	__get_osfhandle	~pcharNode	crt/lib	crt/lib	startup+loop	>=1/s	1159	1121	19	19	33	0	
0x7b72e4	__isatty	~pcharNode	crt/lib	crt/lib	startup+loop	>=1/s	2351	858	708	785	28	0	
0x7b7e78	initialize	~pcharNode	crt/lib	crt/lib	startup	0	0	0	0	0	24	4	
0x7b7f1c	___acrt_initialize_signal_handlers	~pcharNode	crt/lib	crt/lib	startup	0	0	0	0	0	17	0	
0x7bad19	operator()<class_<lambda_978dc153c237d78434369da87b74ff60>,class_<lambda_ad1ced32f4ac17aa236e5ef05d6b3b7c>&,class_<lambda_4a8533e2866a575feecb8298ce776b0d>_>	~pcharNode	crt/lib	crt/lib	startup	0	0	0	0	0	14	12	
0x7bad50	FUN_007bad50	~pcharNode	crt/lib	crt/lib	startup	0	0	0	0	0	5	0	
0x7bad5c	__acrt_lock_and_call<class_<lambda_ad1ced32f4ac17aa236e5ef05d6b3b7c>_>	~pcharNode	crt/lib	crt/lib	startup	0	0	0	0	0	17	0	
0x7badca	operator()	~pcharNode	crt/lib	crt/lib	startup	0	0	0	0	0	68	0	
0x7baecc	getSystemCP	~pcharNode	crt/lib	crt/lib	startup	0	0	0	0	0	31	0	
0x7bafa4	setSBUpLow	~pcharNode	crt/lib	crt/lib	startup	0	0	0	0	0	132	0	
0x7bb138	setmbcp_internal	~pcharNode	crt/lib	crt/lib	startup	0	0	0	0	0	91	0	
0x7bb239	___acrt_initialize_multibyte	~pcharNode	crt/lib	crt/lib	startup	0	0	0	0	0	10	0	
0x7bb257	___acrt_update_thread_multibyte_data	~pcharNode	crt/lib	crt/lib	startup	0	0	0	0	0	45	0	
0x7bb2e8	FUN_007bb2e8	~pcharNode	crt/lib	crt/lib	startup	0	0	0	0	0	4	0	
0x7bb34e	__setmbcp_nolock	~pcharNode	crt/lib	crt/lib	startup	0	0	0	0	0	168	0	
0x7bb53f	_memcpy_s	~pcharNode	crt/lib	crt/lib	startup	0	0	0	0	0	57	0	
0x7bb618	find_end_of_double_null_terminated_sequence	~pcharNode	crt/lib	crt/lib	startup	0	0	0	0	0	26	0	
0x7bb65d	___dcrt_get_narrow_environment_from_os	~pcharNode	crt/lib	crt/lib	startup	0	0	0	0	0	68	0	
0x7bbf62	FUN_007bbf62	~pcharNode	crt/lib	crt/lib	startup	0	0	0	0	0	57	0	
0x7bbfe0	nofunc_7bbfe0	?	crt/lib	crt/lib	startup	0	0	0	0	0	0	None	
0x7bbfe6	nofunc_7bbfe6	?	crt/lib	crt/lib	startup	0	0	0	0	0	0	None	
0x7bc001	___acrt_execute_initializers	~pcharNode	crt/lib	crt/lib	startup	0	0	0	0	0	58	0	
0x7bdfca	___acrt_GetStringTypeA	~pcharNode	crt/lib	crt/lib	startup	0	0	0	0	0	110	0	
0x7be0e7	___acrt_add_locale_ref	~pcharNode	crt/lib	crt/lib	startup+loop	sporadic	1	1	0	0	46	0	
0x7be2ae	___acrt_locale_add_lc_time_reference	~pcharNode	crt/lib	crt/lib	startup+loop	sporadic	1	1	0	0	17	0	
0x7bf981	___acrt_fp_strflt_to_string	~pcharNode	crt/lib	crt/lib	startup	0	0	0	0	0	86	0	
0x7c0cd6	scoped_fp_state_reset	~pcharNode	crt/lib	crt/lib	startup	0	0	0	0	0	19	0	
0x7c0e0c	FUN_007c0e0c	~pcharNode	crt/lib	crt/lib	startup	0	0	0	0	0	1380	0	
0x7c21a8	_memcpy_s	~pcharNode	crt/lib	crt/lib	startup	0	0	0	0	0	57	0	
0x7c23e2	___acrt_stdio_allocate_buffer_nolock	~pcharNode	crt/lib	crt/lib	startup+loop	periodic<1/s	30	26	2	2	35	0	
0x7c33e3	___get_abstract_control_sse2	~pcharNode	crt/lib	crt/lib	startup+loop	sporadic	246	246	0	0	45	0	
0x7c3460	___get_abstract_control_x87	~pcharNode	crt/lib	crt/lib	startup+loop	sporadic	246	246	0	0	42	0	
0x7c370c	__getfpcontrolword	~pcharNode	crt/lib	crt/lib	startup+loop	sporadic	246	246	0	0	27	0	
0x7c374f	__getfpstatusword	~pcharNode	crt/lib	crt/lib	startup	0	0	0	0	0	55	0	
0x7c3a68	___strncnt	~pcharNode	crt/lib	crt/lib	startup	0	0	0	0	0	14	0	
0x7c3e0c	nofunc_7c3e0c	?	crt/lib	crt/lib	startup	0	0	0	0	0	0	None	
0x7c3e11	nofunc_7c3e11	?	crt/lib	crt/lib	startup	0	0	0	0	0	0	None	
0x7c3f74	fegetenv	~pcharNode	crt/lib	crt/lib	startup	0	0	0	0	0	13	0	
0x7c4070	FUN_007c4070	~pcharNode	crt/lib	crt/lib	startup	0	0	0	0	0	21	0	
0x7c4820	FUN_007c4820	~pcharNode	crt/lib	crt/lib	startup	0	0	0	0	0	9	0	
0x7c483e	FUN_007c483e	~pcharNode	crt/lib	crt/lib	startup	0	0	0	0	0	135	0	
0x7c5530	FUN_007c5530	~pcharNode	crt/lib	crt/lib	startup+loop	>=1000/s	104887875	38116213	28607558	38164104	123	8	lifted
0x7c59c0	FUN_007c59c0	~pcharNode	crt/lib	crt/lib	startup+loop	>=1000/s	1307426	473835	356708	476883	202	8	lifted
0x7c5d20	FUN_007c5d20	~pcharNode	crt/lib	crt/lib	startup+loop	>=1000/s	6738000	2461053	1828542	2448405	158	8	
0x7c5fb0	FUN_007c5fb0	~pcharNode	crt/lib	crt/lib	startup+loop	>=1000/s	23502018	8584471	6383231	8534316	204	8	
0x7c65b0	FUN_007c65b0	~pcharNode	crt/lib	crt/lib	startup+loop	>=20/s	99027	36387	26838	35802	206	4	
0x7c6a90	FUN_007c6a90	~pcharNode	crt/lib	crt/lib	startup+loop	>=20/s	165070	60670	44715	59685	411	8	
0x7c71b0	FUN_007c71b0	~pcharNode	crt/lib	crt/lib	startup+loop	>=1000/s	28521332	10413736	7745529	10362067	41	4	
0x7c7220	FUN_007c7220	~pcharNode	crt/lib	crt/lib	startup+loop	>=1000/s	6767050	2486445	1833930	2446675	46	0	
0x7c7290	SConvexPoly::DereferenceEdgeFromFace	SConvexPoly	crt/lib	crt/lib	startup+loop	>=1000/s	13930220	5118438	3775212	5036570	79	8	
0x7c7390	SConvexPoly::FillEdges	SConvexPoly	crt/lib	crt/lib	startup+loop	>=20/s	33010	12129	8946	11935	196	0	
0x7c7610	SConvexPoly::Intersect	SConvexPoly	crt/lib	crt/lib	startup+loop	>=1000/s	7526280	2765412	2039688	2721180	1285	4	
0x7c8c50	__aulldvrm	~SConvexPoly	crt/lib	crt/lib	startup+loop	sporadic	510	510	0	0	58	16	
0x7c8e10	__allshl	~SConvexPoly	crt/lib	crt/lib	startup+loop	sporadic	1602	1602	0	0	15	0	
